base	size	type	protect	module	diff_pages	diff_bytes	diff_ratio	first_diff	entropy	file_off	file_on
0x0000000180651000	0x60e000	IMAGE	EXECUTE_READWRITE	sc2C6B8.dll	1	2	0.00000032	0x00000001808a1000	5.686	region_0027_0x0000000180651000_0x60e000_IMAGE_EXECUTE_READWRITE.bin	region_0015_0x0000000180651000_0x60e000_IMAGE_EXECUTE_READWRITE.bin
0x00007ff41d6a0000	0x110000	PRIVATE	READWRITE		1	3	0.00000269	0x00007ff41d783000	4.255	region_7193_0x00007ff41d6a0000_0x110000_PRIVATE_READWRITE.bin	region_7203_0x00007ff41d6a0000_0x110000_PRIVATE_READWRITE.bin
0x00007ff4204a0000	0x110000	PRIVATE	READWRITE		1	3	0.00000269	0x00007ff42055e000	4.177	region_7229_0x00007ff4204a0000_0x110000_PRIVATE_READWRITE.bin	region_7239_0x00007ff4204a0000_0x110000_PRIVATE_READWRITE.bin
0x00007ff41eec0000	0x50000	PRIVATE	READWRITE		1	1	0.00000305	0x00007ff41ef05000	2.878	region_7210_0x00007ff41eec0000_0x50000_PRIVATE_READWRITE.bin	region_7220_0x00007ff41eec0000_0x50000_PRIVATE_READWRITE.bin
0x00000289e7aec000	0x47000	PRIVATE	READWRITE		1	1	0.00000344	0x00000289e7af2000	1.664	region_6344_0x00000289e7aec000_0x47000_PRIVATE_READWRITE.bin	region_6352_0x00000289e7aec000_0x47000_PRIVATE_READWRITE.bin
0x000002898b7ef000	0x40000	PRIVATE	READWRITE		1	1	0.00000381	0x000002898b81e000	4.240	region_0273_0x000002898b7ef000_0x40000_PRIVATE_READWRITE.bin	region_0261_0x000002898b7ef000_0x40000_PRIVATE_READWRITE.bin
0x00000289ff6c0000	0x40000	PRIVATE	READWRITE		1	1	0.00000381	0x00000289ff6c1000	2.396	region_6838_0x00000289ff6c0000_0x40000_PRIVATE_READWRITE.bin	region_6848_0x00000289ff6c0000_0x40000_PRIVATE_READWRITE.bin
0x00000289e2c45000	0x7e000	PRIVATE	READWRITE		2	2	0.00000388	0x00000289e2c9b000	0.003	region_6251_0x00000289e2c45000_0x7e000_PRIVATE_READWRITE.bin	region_6259_0x00000289e2c45000_0x7e000_PRIVATE_READWRITE.bin
0x000002899cdd2000	0x68000	PRIVATE	READWRITE		1	2	0.00000470	0x000002899cdf1000	3.060	region_1522_0x000002899cdd2000_0x68000_PRIVATE_READWRITE.bin	region_1515_0x000002899cdd2000_0x68000_PRIVATE_READWRITE.bin
0x00000289e2504000	0x89000	PRIVATE	READWRITE		1	3	0.00000535	0x00000289e2543000	0.005	region_6234_0x00000289e2504000_0x89000_PRIVATE_READWRITE.bin	region_6242_0x00000289e2504000_0x89000_PRIVATE_READWRITE.bin
0x00007ff428db0000	0x50000	PRIVATE	READWRITE		1	2	0.00000610	0x00007ff428db0000	0.009	region_7259_0x00007ff428db0000_0x50000_PRIVATE_READWRITE.bin	region_7269_0x00007ff428db0000_0x50000_PRIVATE_READWRITE.bin
0x00000289e2217000	0xa0000	PRIVATE	READWRITE		1	4	0.00000610	0x00000289e2275000	1.432	region_6225_0x00000289e2217000_0xa0000_PRIVATE_READWRITE.bin	region_6233_0x00000289e2217000_0xa0000_PRIVATE_READWRITE.bin
0x00000289ae36c000	0xbf000	PRIVATE	READWRITE		2	5	0.00000639	0x00000289ae3fe000	1.402	region_1568_0x00000289ae36c000_0xbf000_PRIVATE_READWRITE.bin	region_1562_0x00000289ae36c000_0xbf000_PRIVATE_READWRITE.bin
0x000000af43650000	0x8c000	PRIVATE	READWRITE		2	4	0.00000698	0x000000af4367e000	0.173	region_0035_0x000000af43650000_0x8c000_PRIVATE_READWRITE.bin	region_0023_0x000000af43650000_0x8c000_PRIVATE_READWRITE.bin
0x0000028982170000	0x20000	PRIVATE	READWRITE		1	1	0.00000763	0x0000028982183000	0.427	region_0189_0x0000028982170000_0x20000_PRIVATE_READWRITE.bin	region_0177_0x0000028982170000_0x20000_PRIVATE_READWRITE.bin
0x0000028982280000	0x20000	PRIVATE	READWRITE		1	1	0.00000763	0x0000028982298000	1.747	region_0200_0x0000028982280000_0x20000_PRIVATE_READWRITE.bin	region_0188_0x0000028982280000_0x20000_PRIVATE_READWRITE.bin
0x00000289f38d0000	0x20000	PRIVATE	READWRITE		1	1	0.00000763	0x00000289f38d8000	6.147	region_6693_0x00000289f38d0000_0x20000_PRIVATE_READWRITE.bin	region_6701_0x00000289f38d0000_0x20000_PRIVATE_READWRITE.bin
0x00000289ff560000	0x20000	PRIVATE	READWRITE		1	1	0.00000763	0x00000289ff561000	4.238	region_6822_0x00000289ff560000_0x20000_PRIVATE_READWRITE.bin	region_6832_0x00000289ff560000_0x20000_PRIVATE_READWRITE.bin
0x00000289ffdb0000	0x20000	PRIVATE	READWRITE		1	1	0.00000763	0x00000289ffdb3000	1.075	region_6909_0x00000289ffdb0000_0x20000_PRIVATE_READWRITE.bin	region_6919_0x00000289ffdb0000_0x20000_PRIVATE_READWRITE.bin
0x000002899c900000	0x40000	PRIVATE	READWRITE		1	2	0.00000763	0x000002899c93e000	4.929	region_1510_0x000002899c900000_0x40000_PRIVATE_READWRITE.bin	region_1504_0x000002899c900000_0x40000_PRIVATE_READWRITE.bin
0x00000289da4c0000	0x40000	PRIVATE	READWRITE		1	2	0.00000763	0x00000289da4cd000	3.113	region_6083_0x00000289da4c0000_0x40000_PRIVATE_READWRITE.bin	region_6091_0x00000289da4c0000_0x40000_PRIVATE_READWRITE.bin
0x00000289e273b000	0x70000	PRIVATE	READWRITE		1	4	0.00000872	0x00000289e273b000	1.586	region_6238_0x00000289e273b000_0x70000_PRIVATE_READWRITE.bin	region_6246_0x00000289e273b000_0x70000_PRIVATE_READWRITE.bin
0x000002899da4c000	0x43000	PRIVATE	READWRITE		3	3	0.00001093	0x000002899da77000	1.305	region_1538_0x000002899da4c000_0x43000_PRIVATE_READWRITE.bin	region_1531_0x000002899da4c000_0x43000_PRIVATE_READWRITE.bin
0x000002899aa40000	0x40000	PRIVATE	READWRITE		1	3	0.00001144	0x000002899aa5b000	6.675	region_1036_0x000002899aa40000_0x40000_PRIVATE_READWRITE.bin	region_1030_0x000002899aa40000_0x40000_PRIVATE_READWRITE.bin
0x00000289e2b21000	0x51000	PRIVATE	READWRITE		1	4	0.00001206	0x00000289e2b21000	1.804	region_6247_0x00000289e2b21000_0x51000_PRIVATE_READWRITE.bin	region_6255_0x00000289e2b21000_0x51000_PRIVATE_READWRITE.bin
0x00007ff420a40000	0xc0000	PRIVATE	READWRITE		3	10	0.00001272	0x00007ff420a40000	0.621	region_7237_0x00007ff420a40000_0xc0000_PRIVATE_READWRITE.bin	region_7247_0x00007ff420a40000_0xc0000_PRIVATE_READWRITE.bin
0x00000289e25f2000	0x98000	PRIVATE	READWRITE		4	8	0.00001285	0x00000289e2657000	1.398	region_6236_0x00000289e25f2000_0x98000_PRIVATE_READWRITE.bin	region_6244_0x00000289e25f2000_0x98000_PRIVATE_READWRITE.bin
0x00007ff779eb7000	0x4036000	IMAGE	READWRITE	SC2_x64.exe	32	900	0.00001337	0x00007ff779eb7000	0.361	region_7298_0x00007ff779eb7000_0x4036000_IMAGE_READWRITE.bin	region_7308_0x00007ff779eb7000_0x4036000_IMAGE_READWRITE.bin
0x00000289823c0000	0x10000	PRIVATE	READWRITE		1	1	0.00001526	0x00000289823c1000	0.421	region_0217_0x00000289823c0000_0x10000_PRIVATE_READWRITE.bin	region_0205_0x00000289823c0000_0x10000_PRIVATE_READWRITE.bin
0x00000289824a0000	0x10000	PRIVATE	READWRITE		1	1	0.00001526	0x00000289824ab000	0.880	region_0225_0x00000289824a0000_0x10000_PRIVATE_READWRITE.bin	region_0213_0x00000289824a0000_0x10000_PRIVATE_READWRITE.bin
0x00000289825c0000	0x10000	PRIVATE	READWRITE		1	1	0.00001526	0x00000289825c7000	1.118	region_0236_0x00000289825c0000_0x10000_PRIVATE_READWRITE.bin	region_0224_0x00000289825c0000_0x10000_PRIVATE_READWRITE.bin
0x000002898dab0000	0x10000	PRIVATE	READWRITE		1	1	0.00001526	0x000002898dab5000	3.768	region_0580_0x000002898dab0000_0x10000_PRIVATE_READWRITE.bin	region_0568_0x000002898dab0000_0x10000_PRIVATE_READWRITE.bin
0x00000289cc6f0000	0x10000	PRIVATE	READWRITE		1	1	0.00001526	0x00000289cc6f1000	4.305	region_3698_0x00000289cc6f0000_0x10000_PRIVATE_READWRITE.bin	region_3706_0x00000289cc6f0000_0x10000_PRIVATE_READWRITE.bin
0x00000289f85c0000	0x10000	PRIVATE	READWRITE		1	1	0.00001526	0x00000289f85c7000	1.679	region_6786_0x00000289f85c0000_0x10000_PRIVATE_READWRITE.bin	region_6794_0x00000289f85c0000_0x10000_PRIVATE_READWRITE.bin
0x00000289ff900000	0x10000	PRIVATE	READWRITE		1	1	0.00001526	0x00000289ff90b000	1.922	region_6852_0x00000289ff900000_0x10000_PRIVATE_READWRITE.bin	region_6862_0x00000289ff900000_0x10000_PRIVATE_READWRITE.bin
0x00000289bb570000	0x20000	PRIVATE	READWRITE		1	2	0.00001526	0x00000289bb584000	3.305	region_3629_0x00000289bb570000_0x20000_PRIVATE_READWRITE.bin	region_3625_0x00000289bb570000_0x20000_PRIVATE_READWRITE.bin
0x00000289ff5a0000	0x20000	PRIVATE	READWRITE		1	2	0.00001526	0x00000289ff5ad000	3.137	region_6824_0x00000289ff5a0000_0x20000_PRIVATE_READWRITE.bin	region_6834_0x00000289ff5a0000_0x20000_PRIVATE_READWRITE.bin
0x00000289ecd60000	0x30000	PRIVATE	READWRITE		1	3	0.00001526	0x00000289ecd7c000	1.954	region_6643_0x00000289ecd60000_0x30000_PRIVATE_READWRITE.bin	region_6651_0x00000289ecd60000_0x30000_PRIVATE_READWRITE.bin
0x00000289add80000	0x1f4000	PRIVATE	READWRITE		12	36	0.00001758	0x00000289add90000	2.427	region_1558_0x00000289add80000_0x1f4000_PRIVATE_READWRITE.bin	region_1552_0x00000289add80000_0x1f4000_PRIVATE_READWRITE.bin
0x00000289aeba0000	0xb1000	PRIVATE	READWRITE		3	14	0.00001931	0x00000289aebd6000	3.655	region_1585_0x00000289aeba0000_0xb1000_PRIVATE_READWRITE.bin	region_1579_0x00000289aeba0000_0xb1000_PRIVATE_READWRITE.bin
0x000000af43626000	0xc000	PRIVATE	READWRITE		1	1	0.00002035	0x000000af4362f000	0.183	region_0030_0x000000af43626000_0xc000_PRIVATE_READWRITE.bin	region_0018_0x000000af43626000_0xc000_PRIVATE_READWRITE.bin
0x00000289ae2fa000	0x71000	PRIVATE	READWRITE		2	10	0.00002161	0x00000289ae317000	0.508	region_1567_0x00000289ae2fa000_0x71000_PRIVATE_READWRITE.bin	region_1561_0x00000289ae2fa000_0x71000_PRIVATE_READWRITE.bin
0x000002898bfe8000	0xa2000	PRIVATE	READWRITE		4	15	0.00002261	0x000002898c00b000	4.767	region_0313_0x000002898bfe8000_0xa2000_PRIVATE_READWRITE.bin	region_0301_0x000002898bfe8000_0xa2000_PRIVATE_READWRITE.bin
0x000002898d9f0000	0x20000	PRIVATE	READWRITE		1	3	0.00002289	0x000002898da04000	2.001	region_0574_0x000002898d9f0000_0x20000_PRIVATE_READWRITE.bin	region_0562_0x000002898d9f0000_0x20000_PRIVATE_READWRITE.bin
0x00000289ff4e0000	0x20000	PRIVATE	READWRITE		3	3	0.00002289	0x00000289ff4fa000	0.767	region_6820_0x00000289ff4e0000_0x20000_PRIVATE_READWRITE.bin	region_6830_0x00000289ff4e0000_0x20000_PRIVATE_READWRITE.bin
0x00007ff416580000	0xf0000	PRIVATE	READWRITE		1	23	0.00002340	0x00007ff416583000	1.384	region_7071_0x00007ff416580000_0xf0000_PRIVATE_READWRITE.bin	region_7081_0x00007ff416580000_0xf0000_PRIVATE_READWRITE.bin
0x00007ff428a90000	0x210000	PRIVATE	READWRITE		4	53	0.00002451	0x00007ff428a90000	1.526	region_7257_0x00007ff428a90000_0x210000_PRIVATE_READWRITE.bin	region_7267_0x00007ff428a90000_0x210000_PRIVATE_READWRITE.bin
0x00000289cc770000	0x40000	PRIVATE	READWRITE		2	7	0.00002670	0x00000289cc79b000	6.145	region_3705_0x00000289cc770000_0x40000_PRIVATE_READWRITE.bin	region_3713_0x00000289cc770000_0x40000_PRIVATE_READWRITE.bin
0x0000028999550000	0x10000	PRIVATE	READWRITE		1	2	0.00003052	0x000002899955f000	3.994	region_0849_0x0000028999550000_0x10000_PRIVATE_READWRITE.bin	region_0843_0x0000028999550000_0x10000_PRIVATE_READWRITE.bin
0x000002899a9a0000	0x10000	PRIVATE	READWRITE		1	2	0.00003052	0x000002899a9ad000	3.680	region_1031_0x000002899a9a0000_0x10000_PRIVATE_READWRITE.bin	region_1025_0x000002899a9a0000_0x10000_PRIVATE_READWRITE.bin
0x00000289ccd80000	0x10000	PRIVATE	READWRITE		1	2	0.00003052	0x00000289ccd88000	6.576	region_3783_0x00000289ccd80000_0x10000_PRIVATE_READWRITE.bin	region_3791_0x00000289ccd80000_0x10000_PRIVATE_READWRITE.bin
0x00000289da290000	0x10000	PRIVATE	READWRITE		1	2	0.00003052	0x00000289da294000	1.614	region_6061_0x00000289da290000_0x10000_PRIVATE_READWRITE.bin	region_6069_0x00000289da290000_0x10000_PRIVATE_READWRITE.bin
0x00000289dfaf0000	0x10000	PRIVATE	READWRITE		1	2	0.00003052	0x00000289dfafe000	2.455	region_6208_0x00000289dfaf0000_0x10000_PRIVATE_READWRITE.bin	region_6216_0x00000289dfaf0000_0x10000_PRIVATE_READWRITE.bin
0x00000289ff9b0000	0x10000	PRIVATE	READWRITE		1	2	0.00003052	0x00000289ff9bd000	1.783	region_6863_0x00000289ff9b0000_0x10000_PRIVATE_READWRITE.bin	region_6873_0x00000289ff9b0000_0x10000_PRIVATE_READWRITE.bin
0x000002898da30000	0x20000	PRIVATE	READWRITE		1	4	0.00003052	0x000002898da33000	1.233	region_0576_0x000002898da30000_0x20000_PRIVATE_READWRITE.bin	region_0564_0x000002898da30000_0x20000_PRIVATE_READWRITE.bin
0x00000289bb320000	0x20000	PRIVATE	READWRITE		1	4	0.00003052	0x00000289bb32a000	4.231	region_3606_0x00000289bb320000_0x20000_PRIVATE_READWRITE.bin	region_3602_0x00000289bb320000_0x20000_PRIVATE_READWRITE.bin
0x00000289bb480000	0x20000	PRIVATE	READWRITE		1	4	0.00003052	0x00000289bb481000	3.437	region_3620_0x00000289bb480000_0x20000_PRIVATE_READWRITE.bin	region_3616_0x00000289bb480000_0x20000_PRIVATE_READWRITE.bin
0x00000289bb4b0000	0x20000	PRIVATE	READWRITE		1	4	0.00003052	0x00000289bb4c2000	3.954	region_3622_0x00000289bb4b0000_0x20000_PRIVATE_READWRITE.bin	region_3618_0x00000289bb4b0000_0x20000_PRIVATE_READWRITE.bin
0x00000289bb6d0000	0x20000	PRIVATE	READWRITE		1	4	0.00003052	0x00000289bb6ee000	2.187	region_3640_0x00000289bb6d0000_0x20000_PRIVATE_READWRITE.bin	region_3636_0x00000289bb6d0000_0x20000_PRIVATE_READWRITE.bin
0x00000289ecd40000	0x20000	PRIVATE	READWRITE		1	4	0.00003052	0x00000289ecd50000	1.773	region_6642_0x00000289ecd40000_0x20000_PRIVATE_READWRITE.bin	region_6650_0x00000289ecd40000_0x20000_PRIVATE_READWRITE.bin
0x00000289d77a0000	0x30000	PRIVATE	READWRITE		3	6	0.00003052	0x00000289d77b8000	2.854	region_5911_0x00000289d77a0000_0x30000_PRIVATE_READWRITE.bin	region_5919_0x00000289d77a0000_0x30000_PRIVATE_READWRITE.bin
0x00000289ae146000	0xe9000	PRIVATE	READWRITE		8	30	0.00003143	0x00000289ae166000	1.903	region_1563_0x00000289ae146000_0xe9000_PRIVATE_READWRITE.bin	region_1557_0x00000289ae146000_0xe9000_PRIVATE_READWRITE.bin
0x000002898bb50000	0x40000	PRIVATE	READWRITE		1	9	0.00003433	0x000002898bb51000	2.103	region_0278_0x000002898bb50000_0x40000_PRIVATE_READWRITE.bin	region_0266_0x000002898bb50000_0x40000_PRIVATE_READWRITE.bin
0x000000af44a40000	0x100000	PRIVATE	READWRITE		2	37	0.00003529	0x000000af44b3e000	-0.000	region_0057_0x000000af44a40000_0x100000_PRIVATE_READWRITE.bin	region_0045_0x000000af44a40000_0x100000_PRIVATE_READWRITE.bin
0x00000289f84a0000	0x20000	PRIVATE	READWRITE		1	5	0.00003815	0x00000289f84b1000	1.860	region_6773_0x00000289f84a0000_0x20000_PRIVATE_READWRITE.bin	region_6781_0x00000289f84a0000_0x20000_PRIVATE_READWRITE.bin
0x00000289ff7f0000	0x20000	PRIVATE	READWRITE		1	5	0.00003815	0x00000289ff80f000	1.815	region_6849_0x00000289ff7f0000_0x20000_PRIVATE_READWRITE.bin	region_6859_0x00000289ff7f0000_0x20000_PRIVATE_READWRITE.bin
0x00007ff779c8c000	0x1f000	IMAGE	READWRITE	SC2_x64.exe	3	5	0.00003938	0x00007ff779c8d000	4.234	region_7278_0x00007ff779c8c000_0x1f000_IMAGE_READWRITE.bin	region_7288_0x00007ff779c8c000_0x1f000_IMAGE_READWRITE.bin
0x00007ff421940000	0x50000	PRIVATE	READWRITE		1	13	0.00003967	0x00007ff42194a000	1.362	region_7243_0x00007ff421940000_0x50000_PRIVATE_READWRITE.bin	region_7253_0x00007ff421940000_0x50000_PRIVATE_READWRITE.bin
0x000000af48a0a000	0x6000	PRIVATE	READWRITE		1	1	0.00004069	0x000000af48a0f000	1.673	region_0132_0x000000af48a0a000_0x6000_PRIVATE_READWRITE.bin	region_0120_0x000000af48a0a000_0x6000_PRIVATE_READWRITE.bin
0x00007ff41ddb0000	0x210000	PRIVATE	READWRITE		8	88	0.00004069	0x00007ff41defa000	2.574	region_7202_0x00007ff41ddb0000_0x210000_PRIVATE_READWRITE.bin	region_7212_0x00007ff41ddb0000_0x210000_PRIVATE_READWRITE.bin
0x00000289bb6f0000	0x40000	PRIVATE	READWRITE		3	11	0.00004196	0x00000289bb6f0000	1.004	region_3641_0x00000289bb6f0000_0x40000_PRIVATE_READWRITE.bin	region_3637_0x00000289bb6f0000_0x40000_PRIVATE_READWRITE.bin
0x00007ff41fbb0000	0x200000	PRIVATE	READWRITE		27	90	0.00004292	0x00007ff41fc7f000	2.153	region_7227_0x00007ff41fbb0000_0x200000_PRIVATE_READWRITE.bin	region_7237_0x00007ff41fbb0000_0x200000_PRIVATE_READWRITE.bin
0x0000028998790000	0x10000	PRIVATE	READWRITE		1	3	0.00004578	0x0000028998790000	0.156	region_0653_0x0000028998790000_0x10000_PRIVATE_READWRITE.bin	region_0647_0x0000028998790000_0x10000_PRIVATE_READWRITE.bin
0x0000028998c20000	0x10000	PRIVATE	READWRITE		1	3	0.00004578	0x0000028998c27000	3.160	region_0719_0x0000028998c20000_0x10000_PRIVATE_READWRITE.bin	region_0713_0x0000028998c20000_0x10000_PRIVATE_READWRITE.bin
0x000002899b340000	0x10000	PRIVATE	READWRITE		1	3	0.00004578	0x000002899b34c000	7.331	region_1163_0x000002899b340000_0x10000_PRIVATE_READWRITE.bin	region_1157_0x000002899b340000_0x10000_PRIVATE_READWRITE.bin
0x000002899bae0000	0x10000	PRIVATE	READWRITE		1	3	0.00004578	0x000002899baed000	7.190	region_1285_0x000002899bae0000_0x10000_PRIVATE_READWRITE.bin	region_1279_0x000002899bae0000_0x10000_PRIVATE_READWRITE.bin
0x00000289cd430000	0x10000	PRIVATE	READWRITE		1	3	0.00004578	0x00000289cd43b000	3.667	region_3887_0x00000289cd430000_0x10000_PRIVATE_READWRITE.bin	region_3895_0x00000289cd430000_0x10000_PRIVATE_READWRITE.bin
0x00000289d7470000	0x10000	PRIVATE	READWRITE		1	3	0.00004578	0x00000289d7474000	2.770	region_5864_0x00000289d7470000_0x10000_PRIVATE_READWRITE.bin	region_5872_0x00000289d7470000_0x10000_PRIVATE_READWRITE.bin
0x00000289e2f80000	0x20000	PRIVATE	READWRITE		1	6	0.00004578	0x00000289e2f80000	1.241	region_6271_0x00000289e2f80000_0x20000_PRIVATE_READWRITE.bin	region_6279_0x00000289e2f80000_0x20000_PRIVATE_READWRITE.bin
0x00000289e2fa0000	0x30000	PRIVATE	READWRITE		1	9	0.00004578	0x00000289e2fc2000	3.222	region_6272_0x00000289e2fa0000_0x30000_PRIVATE_READWRITE.bin	region_6280_0x00000289e2fa0000_0x30000_PRIVATE_READWRITE.bin
0x000002899d9a9000	0xa2000	PRIVATE	READWRITE		6	32	0.00004823	0x000002899d9d3000	3.440	region_1537_0x000002899d9a9000_0xa2000_PRIVATE_READWRITE.bin	region_1530_0x000002899d9a9000_0xa2000_PRIVATE_READWRITE.bin
0x00000289994f0000	0xa000	PRIVATE	READWRITE		1	2	0.00004883	0x00000289994f0000	0.164	region_0846_0x00000289994f0000_0xa000_PRIVATE_READWRITE.bin	region_0840_0x00000289994f0000_0xa000_PRIVATE_READWRITE.bin
0x00000289e1e60000	0xce000	PRIVATE	READWRITE		4	42	0.00004978	0x00000289e1e60000	4.016	region_6220_0x00000289e1e60000_0xce000_PRIVATE_READWRITE.bin	region_6228_0x00000289e1e60000_0xce000_PRIVATE_READWRITE.bin
0x00000289da7c0000	0x30000	PRIVATE	READWRITE		1	10	0.00005086	0x00000289da7e6000	4.248	region_6107_0x00000289da7c0000_0x30000_PRIVATE_READWRITE.bin	region_6115_0x00000289da7c0000_0x30000_PRIVATE_READWRITE.bin
0x000000af436f0000	0x1c000	PRIVATE	READWRITE		2	6	0.00005232	0x000000af43700000	0.201	region_0037_0x000000af436f0000_0x1c000_PRIVATE_READWRITE.bin	region_0025_0x000000af436f0000_0x1c000_PRIVATE_READWRITE.bin
0x00000289dd360000	0x20000	PRIVATE	READWRITE		1	7	0.00005341	0x00000289dd371000	1.926	region_6116_0x00000289dd360000_0x20000_PRIVATE_READWRITE.bin	region_6124_0x00000289dd360000_0x20000_PRIVATE_READWRITE.bin
0x000002899d95c000	0x46000	PRIVATE	READWRITE		2	16	0.00005580	0x000002899d979000	2.823	region_1536_0x000002899d95c000_0x46000_PRIVATE_READWRITE.bin	region_1529_0x000002899d95c000_0x46000_PRIVATE_READWRITE.bin
0x000000af4377e000	0x4000	PRIVATE	READWRITE		1	1	0.00006104	0x000000af4377f000	0.171	region_0043_0x000000af4377e000_0x4000_PRIVATE_READWRITE.bin	region_0031_0x000000af4377e000_0x4000_PRIVATE_READWRITE.bin
0x000000af49900000	0x10000	PRIVATE	READWRITE		1	4	0.00006104	0x000000af4990f000	0.239	region_0147_0x000000af49900000_0x10000_PRIVATE_READWRITE.bin	region_0135_0x000000af49900000_0x10000_PRIVATE_READWRITE.bin
0x000002898dac0000	0x10000	PRIVATE	READWRITE		2	4	0.00006104	0x000002898dac2000	3.108	region_0581_0x000002898dac0000_0x10000_PRIVATE_READWRITE.bin	region_0569_0x000002898dac0000_0x10000_PRIVATE_READWRITE.bin
0x000002899ab90000	0x10000	PRIVATE	READWRITE		1	4	0.00006104	0x000002899ab93000	7.229	region_1048_0x000002899ab90000_0x10000_PRIVATE_READWRITE.bin	region_1042_0x000002899ab90000_0x10000_PRIVATE_READWRITE.bin
0x000002899b060000	0x10000	PRIVATE	READWRITE		1	4	0.00006104	0x000002899b06c000	7.318	region_1117_0x000002899b060000_0x10000_PRIVATE_READWRITE.bin	region_1111_0x000002899b060000_0x10000_PRIVATE_READWRITE.bin
0x00000289b87c0000	0x10000	PRIVATE	READWRITE		1	4	0.00006104	0x00000289b87c3000	2.958	region_3440_0x00000289b87c0000_0x10000_PRIVATE_READWRITE.bin	region_3434_0x00000289b87c0000_0x10000_PRIVATE_READWRITE.bin
0x00000289b8eb0000	0x10000	PRIVATE	READWRITE		1	4	0.00006104	0x00000289b8eb2000	1.203	region_3546_0x00000289b8eb0000_0x10000_PRIVATE_READWRITE.bin	region_3540_0x00000289b8eb0000_0x10000_PRIVATE_READWRITE.bin
0x00000289ccab0000	0x10000	PRIVATE	READWRITE		1	4	0.00006104	0x00000289ccab2000	4.498	region_3746_0x00000289ccab0000_0x10000_PRIVATE_READWRITE.bin	region_3754_0x00000289ccab0000_0x10000_PRIVATE_READWRITE.bin
0x00000289cce40000	0x10000	PRIVATE	READWRITE		2	4	0.00006104	0x00000289cce49000	3.906	region_3792_0x00000289cce40000_0x10000_PRIVATE_READWRITE.bin	region_3800_0x00000289cce40000_0x10000_PRIVATE_READWRITE.bin
0x00000289d5320000	0x10000	PRIVATE	READWRITE		1	4	0.00006104	0x00000289d532f000	3.028	region_5840_0x00000289d5320000_0x10000_PRIVATE_READWRITE.bin	region_5847_0x00000289d5320000_0x10000_PRIVATE_READWRITE.bin
0x00000289eba40000	0x10000	PRIVATE	READWRITE		1	4	0.00006104	0x00000289eba4e000	3.626	region_6362_0x00000289eba40000_0x10000_PRIVATE_READWRITE.bin	region_6370_0x00000289eba40000_0x10000_PRIVATE_READWRITE.bin
0x00000289ecca0000	0x10000	PRIVATE	READWRITE		1	4	0.00006104	0x00000289eccaf000	1.589	region_6636_0x00000289ecca0000_0x10000_PRIVATE_READWRITE.bin	region_6644_0x00000289ecca0000_0x10000_PRIVATE_READWRITE.bin
0x00000289ff980000	0x10000	PRIVATE	READWRITE		1	4	0.00006104	0x00000289ff988000	1.745	region_6860_0x00000289ff980000_0x10000_PRIVATE_READWRITE.bin	region_6870_0x00000289ff980000_0x10000_PRIVATE_READWRITE.bin
0x00000289b8720000	0x20000	PRIVATE	READWRITE		1	8	0.00006104	0x00000289b8728000	3.044	region_3431_0x00000289b8720000_0x20000_PRIVATE_READWRITE.bin	region_3425_0x00000289b8720000_0x20000_PRIVATE_READWRITE.bin
0x00000289f2bf0000	0x20000	PRIVATE	READWRITE		2	8	0.00006104	0x00000289f2bf6000	5.143	region_6673_0x00000289f2bf0000_0x20000_PRIVATE_READWRITE.bin	region_6681_0x00000289f2bf0000_0x20000_PRIVATE_READWRITE.bin
0x00000289b9170000	0x30000	PRIVATE	READWRITE		1	12	0.00006104	0x00000289b9170000	1.629	region_3581_0x00000289b9170000_0x30000_PRIVATE_READWRITE.bin	region_3575_0x00000289b9170000_0x30000_PRIVATE_READWRITE.bin
0x00000289f86a0000	0x40000	PRIVATE	READWRITE		1	16	0.00006104	0x00000289f86b5000	4.592	region_6798_0x00000289f86a0000_0x40000_PRIVATE_READWRITE.bin	region_6806_0x00000289f86a0000_0x40000_PRIVATE_READWRITE.bin
0x000002899c8c0000	0x20000	PRIVATE	READWRITE		1	9	0.00006866	0x000002899c8dc000	7.243	region_1507_0x000002899c8c0000_0x20000_PRIVATE_READWRITE.bin	region_1501_0x000002899c8c0000_0x20000_PRIVATE_READWRITE.bin
0x00007ff41d590000	0x110000	PRIVATE	READWRITE		2	78	0.00007001	0x00007ff41d599000	3.138	region_7192_0x00007ff41d590000_0x110000_PRIVATE_READWRITE.bin	region_7202_0x00007ff41d590000_0x110000_PRIVATE_READWRITE.bin
0x00000289e51a0000	0x30000	PRIVATE	READWRITE		1	14	0.00007121	0x00000289e51b0000	6.716	region_6291_0x00000289e51a0000_0x30000_PRIVATE_READWRITE.bin	region_6299_0x00000289e51a0000_0x30000_PRIVATE_READWRITE.bin
0x00000289993a0000	0x10000	PRIVATE	READWRITE		1	5	0.00007629	0x00000289993a7000	1.485	region_0838_0x00000289993a0000_0x10000_PRIVATE_READWRITE.bin	region_0832_0x00000289993a0000_0x10000_PRIVATE_READWRITE.bin
0x00000289f85d0000	0x10000	PRIVATE	READWRITE		2	5	0.00007629	0x00000289f85d0000	2.076	region_6787_0x00000289f85d0000_0x10000_PRIVATE_READWRITE.bin	region_6795_0x00000289f85d0000_0x10000_PRIVATE_READWRITE.bin
0x00000289ac4d0000	0x40000	PRIVATE	READWRITE		2	20	0.00007629	0x00000289ac505000	4.641	region_1551_0x00000289ac4d0000_0x40000_PRIVATE_READWRITE.bin	region_1545_0x00000289ac4d0000_0x40000_PRIVATE_READWRITE.bin
0x00000289ae8c6000	0x71000	PRIVATE	READWRITE		6	36	0.00007778	0x00000289ae8f7000	3.589	region_1579_0x00000289ae8c6000_0x71000_PRIVATE_READWRITE.bin	region_1573_0x00000289ae8c6000_0x71000_PRIVATE_READWRITE.bin
0x00000289960a0000	0x40000	PRIVATE	READWRITE		3	21	0.00008011	0x00000289960d6000	7.876	region_0630_0x00000289960a0000_0x40000_PRIVATE_READWRITE.bin	region_0624_0x00000289960a0000_0x40000_PRIVATE_READWRITE.bin
0x00007ff9141e3000	0x3000	IMAGE	READWRITE	textinputframework.dll	1	1	0.00008138	0x00007ff9141e5000	3.062	region_7368_0x00007ff9141e3000_0x3000_IMAGE_READWRITE.bin	region_7359_0x00007ff9141e3000_0x3000_IMAGE_READWRITE.bin
0x00000289e77c0000	0x30000	PRIVATE	READWRITE		1	16	0.00008138	0x00000289e77e7000	3.591	region_6337_0x00000289e77c0000_0x30000_PRIVATE_READWRITE.bin	region_6345_0x00000289e77c0000_0x30000_PRIVATE_READWRITE.bin
0x00000289ff5e0000	0x10000	PRIVATE	READWRITE		1	6	0.00009155	0x00000289ff5e0000	0.108	region_6826_0x00000289ff5e0000_0x10000_PRIVATE_READWRITE.bin	region_6836_0x00000289ff5e0000_0x10000_PRIVATE_READWRITE.bin
0x00000289ff700000	0x10000	PRIVATE	READWRITE		1	6	0.00009155	0x00000289ff70f000	2.414	region_6839_0x00000289ff700000_0x10000_PRIVATE_READWRITE.bin	region_6849_0x00000289ff700000_0x10000_PRIVATE_READWRITE.bin
0x00000289da360000	0x20000	PRIVATE	READWRITE		1	12	0.00009155	0x00000289da370000	2.806	region_6071_0x00000289da360000_0x20000_PRIVATE_READWRITE.bin	region_6079_0x00000289da360000_0x20000_PRIVATE_READWRITE.bin
0x00000289dd320000	0x40000	PRIVATE	READWRITE		3	24	0.00009155	0x00000289dd32a000	2.032	region_6115_0x00000289dd320000_0x40000_PRIVATE_READWRITE.bin	region_6123_0x00000289dd320000_0x40000_PRIVATE_READWRITE.bin
0x000000af49b2b000	0x5000	PRIVATE	READWRITE		1	2	0.00009766	0x000000af49b2f000	2.066	region_0151_0x000000af49b2b000_0x5000_PRIVATE_READWRITE.bin	region_0139_0x000000af49b2b000_0x5000_PRIVATE_READWRITE.bin
0x000002898e460000	0x5000	PRIVATE	READWRITE		1	2	0.00009766	0x000002898e460000	1.702	region_0593_0x000002898e460000_0x5000_PRIVATE_READWRITE.bin	region_0581_0x000002898e460000_0x5000_PRIVATE_READWRITE.bin
0x00000289ff620000	0x20000	PRIVATE	READWRITE		2	13	0.00009918	0x00000289ff622000	1.671	region_6830_0x00000289ff620000_0x20000_PRIVATE_READWRITE.bin	region_6840_0x00000289ff620000_0x20000_PRIVATE_READWRITE.bin
0x000002898ec60000	0x51000	PRIVATE	READWRITE		1	33	0.00009946	0x000002898ec61000	2.276	region_0594_0x000002898ec60000_0x51000_PRIVATE_READWRITE.bin	region_0582_0x000002898ec60000_0x51000_PRIVATE_READWRITE.bin
0x00000289d8190000	0x40000	PRIVATE	READWRITE		1	27	0.00010300	0x00000289d81b5000	6.056	region_6054_0x00000289d8190000_0x40000_PRIVATE_READWRITE.bin	region_6062_0x00000289d8190000_0x40000_PRIVATE_READWRITE.bin
0x00000289ccc10000	0x10000	PRIVATE	READWRITE		1	7	0.00010681	0x00000289ccc1e000	5.043	region_3765_0x00000289ccc10000_0x10000_PRIVATE_READWRITE.bin	region_3773_0x00000289ccc10000_0x10000_PRIVATE_READWRITE.bin
0x00000289e2e70000	0x10000	PRIVATE	READWRITE		2	7	0.00010681	0x00000289e2e72000	2.843	region_6260_0x00000289e2e70000_0x10000_PRIVATE_READWRITE.bin	region_6268_0x00000289e2e70000_0x10000_PRIVATE_READWRITE.bin
0x000000af43617000	0x9000	PRIVATE	READWRITE		2	4	0.00010851	0x000000af43618000	0.286	region_0029_0x000000af43617000_0x9000_PRIVATE_READWRITE.bin	region_0017_0x000000af43617000_0x9000_PRIVATE_READWRITE.bin
0x0000028988940000	0xf000	PRIVATE	READWRITE		5	7	0.00011393	0x0000028988940000	2.340	region_0249_0x0000028988940000_0xf000_PRIVATE_READWRITE.bin	region_0237_0x0000028988940000_0xf000_PRIVATE_READWRITE.bin
0x000000af43642000	0x2000	PRIVATE	READWRITE		1	1	0.00012207	0x000000af43642000	0.303	region_0033_0x000000af43642000_0x2000_PRIVATE_READWRITE.bin	region_0021_0x000000af43642000_0x2000_PRIVATE_READWRITE.bin
0x000000af4370e000	0x2000	PRIVATE	READWRITE		1	1	0.00012207	0x000000af4370f000	0.237	region_0038_0x000000af4370e000_0x2000_PRIVATE_READWRITE.bin	region_0026_0x000000af4370e000_0x2000_PRIVATE_READWRITE.bin
0x00007ff779cdb000	0x2000	IMAGE	READWRITE	SC2_x64.exe	1	1	0.00012207	0x00007ff779cdc000	3.240	region_7292_0x00007ff779cdb000_0x2000_IMAGE_READWRITE.bin	region_7302_0x00007ff779cdb000_0x2000_IMAGE_READWRITE.bin
0x00000289f4140000	0x10000	PRIVATE	READWRITE		2	8	0.00012207	0x00000289f4148000	2.617	region_6729_0x00000289f4140000_0x10000_PRIVATE_READWRITE.bin	region_6737_0x00000289f4140000_0x10000_PRIVATE_READWRITE.bin
0x00000289f8320000	0x20000	PRIVATE	READWRITE		1	16	0.00012207	0x00000289f8324000	1.316	region_6752_0x00000289f8320000_0x20000_PRIVATE_READWRITE.bin	region_6760_0x00000289f8320000_0x20000_PRIVATE_READWRITE.bin
0x00000289ff4c0000	0x20000	PRIVATE	READWRITE		1	16	0.00012207	0x00000289ff4c6000	0.613	region_6819_0x00000289ff4c0000_0x20000_PRIVATE_READWRITE.bin	region_6829_0x00000289ff4c0000_0x20000_PRIVATE_READWRITE.bin
0x00000289ae549000	0x30000	PRIVATE	READWRITE		4	25	0.00012716	0x00000289ae56b000	4.393	region_1572_0x00000289ae549000_0x30000_PRIVATE_READWRITE.bin	region_1566_0x00000289ae549000_0x30000_PRIVATE_READWRITE.bin
0x00000289ae7f6000	0xcf000	PRIVATE	READWRITE		6	109	0.00012856	0x00000289ae838000	3.020	region_1578_0x00000289ae7f6000_0xcf000_PRIVATE_READWRITE.bin	region_1572_0x00000289ae7f6000_0xcf000_PRIVATE_READWRITE.bin
0x000002898adb0000	0x20000	PRIVATE	READWRITE		1	18	0.00013733	0x000002898adc1000	0.286	region_0267_0x000002898adb0000_0x20000_PRIVATE_READWRITE.bin	region_0255_0x000002898adb0000_0x20000_PRIVATE_READWRITE.bin
0x00000289f61a0000	0x40000	PRIVATE	READWRITE		3	36	0.00013733	0x00000289f61b5000	3.379	region_6736_0x00000289f61a0000_0x40000_PRIVATE_READWRITE.bin	region_6744_0x00000289f61a0000_0x40000_PRIVATE_READWRITE.bin
0x00000289987c0000	0x40000	PRIVATE	READWRITE		4	39	0.00014877	0x00000289987d2000	0.922	region_0655_0x00000289987c0000_0x40000_PRIVATE_READWRITE.bin	region_0649_0x00000289987c0000_0x40000_PRIVATE_READWRITE.bin
0x00000289ccaa0000	0x10000	PRIVATE	READWRITE		2	10	0.00015259	0x00000289ccaac000	4.560	region_3745_0x00000289ccaa0000_0x10000_PRIVATE_READWRITE.bin	region_3753_0x00000289ccaa0000_0x10000_PRIVATE_READWRITE.bin
0x00000289da400000	0x30000	PRIVATE	READWRITE		2	30	0.00015259	0x00000289da429000	4.411	region_6077_0x00000289da400000_0x30000_PRIVATE_READWRITE.bin	region_6085_0x00000289da400000_0x30000_PRIVATE_READWRITE.bin
0x000002898b630000	0x1be000	PRIVATE	READWRITE		19	294	0.00016094	0x000002898b64c000	2.759	region_0272_0x000002898b630000_0x1be000_PRIVATE_READWRITE.bin	region_0260_0x000002898b630000_0x1be000_PRIVATE_READWRITE.bin
0x000000af4453d000	0x3000	PRIVATE	READWRITE		1	2	0.00016276	0x000000af4453f000	1.431	region_0051_0x000000af4453d000_0x3000_PRIVATE_READWRITE.bin	region_0039_0x000000af4453d000_0x3000_PRIVATE_READWRITE.bin
0x000002898bb10000	0x40000	PRIVATE	READWRITE		2	43	0.00016403	0x000002898bb44000	-0.000	region_0277_0x000002898bb10000_0x40000_PRIVATE_READWRITE.bin	region_0265_0x000002898bb10000_0x40000_PRIVATE_READWRITE.bin
0x00000289df700000	0x10000	PRIVATE	READWRITE		2	11	0.00016785	0x00000289df709000	2.651	region_6158_0x00000289df700000_0x10000_PRIVATE_READWRITE.bin	region_6166_0x00000289df700000_0x10000_PRIVATE_READWRITE.bin
0x0000028982080000	0x40000	PRIVATE	READWRITE		4	45	0.00017166	0x00000289820a3000	0.119	region_0180_0x0000028982080000_0x40000_PRIVATE_READWRITE.bin	region_0168_0x0000028982080000_0x40000_PRIVATE_READWRITE.bin
0x0000028998ed0000	0x10000	PRIVATE	READWRITE		1	12	0.00018311	0x0000028998ed9000	4.370	region_0762_0x0000028998ed0000_0x10000_PRIVATE_READWRITE.bin	region_0756_0x0000028998ed0000_0x10000_PRIVATE_READWRITE.bin
0x00000289ffa20000	0x10000	PRIVATE	READWRITE		1	12	0.00018311	0x00000289ffa2f000	1.866	region_6868_0x00000289ffa20000_0x10000_PRIVATE_READWRITE.bin	region_6878_0x00000289ffa20000_0x10000_PRIVATE_READWRITE.bin
0x00000289ea7c0000	0x20000	PRIVATE	READWRITE		1	24	0.00018311	0x00000289ea7c3000	1.290	region_6350_0x00000289ea7c0000_0x20000_PRIVATE_READWRITE.bin	region_6358_0x00000289ea7c0000_0x20000_PRIVATE_READWRITE.bin
0x00000289adf75000	0x70000	PRIVATE	READWRITE		15	86	0.00018747	0x00000289adfa6000	1.300	region_1559_0x00000289adf75000_0x70000_PRIVATE_READWRITE.bin	region_1553_0x00000289adf75000_0x70000_PRIVATE_READWRITE.bin
0x00000289f8580000	0x10000	PRIVATE	READWRITE		1	13	0.00019836	0x00000289f8583000	1.760	region_6782_0x00000289f8580000_0x10000_PRIVATE_READWRITE.bin	region_6790_0x00000289f8580000_0x10000_PRIVATE_READWRITE.bin
0x00000289b07b0000	0x20000	PRIVATE	READWRITE		1	26	0.00019836	0x00000289b07cf000	5.631	region_1658_0x00000289b07b0000_0x20000_PRIVATE_READWRITE.bin	region_1652_0x00000289b07b0000_0x20000_PRIVATE_READWRITE.bin
0x000002899cac0000	0x155000	PRIVATE	READWRITE		6	279	0.00019975	0x000002899cb7c000	1.762	region_1518_0x000002899cac0000_0x155000_PRIVATE_READWRITE.bin	region_1511_0x000002899cac0000_0x155000_PRIVATE_READWRITE.bin
0x00007ff4167e0000	0x60000	PRIVATE	READWRITE		8	80	0.00020345	0x00007ff4167e5000	2.219	region_7074_0x00007ff4167e0000_0x60000_PRIVATE_READWRITE.bin	region_7084_0x00007ff4167e0000_0x60000_PRIVATE_READWRITE.bin
0x00000289f8660000	0x10000	PRIVATE	READWRITE		2	14	0.00021362	0x00000289f8669000	1.834	region_6795_0x00000289f8660000_0x10000_PRIVATE_READWRITE.bin	region_6803_0x00000289f8660000_0x10000_PRIVATE_READWRITE.bin
0x00000289b8400000	0x10000	PRIVATE	READWRITE		1	15	0.00022888	0x00000289b840d000	3.097	region_3384_0x00000289b8400000_0x10000_PRIVATE_READWRITE.bin	region_3378_0x00000289b8400000_0x10000_PRIVATE_READWRITE.bin
0x00000289b8a20000	0x10000	PRIVATE	READWRITE		1	15	0.00022888	0x00000289b8a2f000	3.290	region_3477_0x00000289b8a20000_0x10000_PRIVATE_READWRITE.bin	region_3471_0x00000289b8a20000_0x10000_PRIVATE_READWRITE.bin
0x00000289ff2a0000	0x10000	PRIVATE	READWRITE		1	15	0.00022888	0x00000289ff2a4000	0.293	region_6811_0x00000289ff2a0000_0x10000_PRIVATE_READWRITE.bin	region_6821_0x00000289ff2a0000_0x10000_PRIVATE_READWRITE.bin
0x00000289ff960000	0x10000	PRIVATE	READWRITE		2	15	0.00022888	0x00000289ff96a000	1.861	region_6858_0x00000289ff960000_0x10000_PRIVATE_READWRITE.bin	region_6868_0x00000289ff960000_0x10000_PRIVATE_READWRITE.bin
0x00000289e51d0000	0x30000	PRIVATE	READWRITE		1	45	0.00022888	0x00000289e51d3000	7.573	region_6292_0x00000289e51d0000_0x30000_PRIVATE_READWRITE.bin	region_6300_0x00000289e51d0000_0x30000_PRIVATE_READWRITE.bin
0x00000289e3000000	0x10000	PRIVATE	READWRITE		1	16	0.00024414	0x00000289e3006000	6.451	region_6276_0x00000289e3000000_0x10000_PRIVATE_READWRITE.bin	region_6284_0x00000289e3000000_0x10000_PRIVATE_READWRITE.bin
0x00000289ffa10000	0x10000	PRIVATE	READWRITE		1	16	0.00024414	0x00000289ffa16000	1.902	region_6867_0x00000289ffa10000_0x10000_PRIVATE_READWRITE.bin	region_6877_0x00000289ffa10000_0x10000_PRIVATE_READWRITE.bin
0x00000289f8670000	0x20000	PRIVATE	READWRITE		2	35	0.00026703	0x00000289f8687000	3.527	region_6796_0x00000289f8670000_0x20000_PRIVATE_READWRITE.bin	region_6804_0x00000289f8670000_0x20000_PRIVATE_READWRITE.bin
0x000002899d56c000	0xbb000	PRIVATE	READWRITE		5	207	0.00027025	0x000002899d5bc000	2.609	region_1531_0x000002899d56c000_0xbb000_PRIVATE_READWRITE.bin	region_1524_0x000002899d56c000_0xbb000_PRIVATE_READWRITE.bin
0x00000289e249d000	0x66000	PRIVATE	READWRITE		15	113	0.00027047	0x00000289e24b9000	1.883	region_6233_0x00000289e249d000_0x66000_PRIVATE_READWRITE.bin	region_6241_0x00000289e249d000_0x66000_PRIVATE_READWRITE.bin
0x000002898dad0000	0x10000	PRIVATE	READWRITE		1	18	0.00027466	0x000002898dad4000	5.497	region_0582_0x000002898dad0000_0x10000_PRIVATE_READWRITE.bin	region_0570_0x000002898dad0000_0x10000_PRIVATE_READWRITE.bin
0x00000289bb440000	0x20000	PRIVATE	READWRITE		1	36	0.00027466	0x00000289bb45c000	4.304	region_3618_0x00000289bb440000_0x20000_PRIVATE_READWRITE.bin	region_3614_0x00000289bb440000_0x20000_PRIVATE_READWRITE.bin
0x00000289ebaf0000	0x20000	PRIVATE	READWRITE		2	36	0.00027466	0x00000289ebafe000	2.599	region_6369_0x00000289ebaf0000_0x20000_PRIVATE_READWRITE.bin	region_6377_0x00000289ebaf0000_0x20000_PRIVATE_READWRITE.bin
0x00000289f4120000	0x20000	PRIVATE	READWRITE		1	36	0.00027466	0x00000289f4130000	1.239	region_6728_0x00000289f4120000_0x20000_PRIVATE_READWRITE.bin	region_6736_0x00000289f4120000_0x20000_PRIVATE_READWRITE.bin
0x00000289ff7a0000	0x20000	PRIVATE	READWRITE		1	36	0.00027466	0x00000289ff7af000	2.077	region_6846_0x00000289ff7a0000_0x20000_PRIVATE_READWRITE.bin	region_6856_0x00000289ff7a0000_0x20000_PRIVATE_READWRITE.bin
0x00000289e268b000	0xaf000	PRIVATE	READWRITE		4	215	0.00029994	0x00000289e26aa000	3.107	region_6237_0x00000289e268b000_0xaf000_PRIVATE_READWRITE.bin	region_6245_0x00000289e268b000_0xaf000_PRIVATE_READWRITE.bin
0x0000028999540000	0x10000	PRIVATE	READWRITE		2	20	0.00030518	0x0000028999544000	1.925	region_0848_0x0000028999540000_0x10000_PRIVATE_READWRITE.bin	region_0842_0x0000028999540000_0x10000_PRIVATE_READWRITE.bin
0x00000289aed60000	0x10000	PRIVATE	READWRITE		1	20	0.00030518	0x00000289aed6c000	4.774	region_1588_0x00000289aed60000_0x10000_PRIVATE_READWRITE.bin	region_1582_0x00000289aed60000_0x10000_PRIVATE_READWRITE.bin
0x00000289f84d0000	0x10000	PRIVATE	READWRITE		1	20	0.00030518	0x00000289f84d9000	6.243	region_6775_0x00000289f84d0000_0x10000_PRIVATE_READWRITE.bin	region_6783_0x00000289f84d0000_0x10000_PRIVATE_READWRITE.bin
0x00000289ffcf0000	0x10000	PRIVATE	READWRITE		3	20	0.00030518	0x00000289ffcfb000	1.591	region_6902_0x00000289ffcf0000_0x10000_PRIVATE_READWRITE.bin	region_6912_0x00000289ffcf0000_0x10000_PRIVATE_READWRITE.bin
0x00000289bb270000	0x20000	PRIVATE	READWRITE		1	40	0.00030518	0x00000289bb282000	3.703	region_3597_0x00000289bb270000_0x20000_PRIVATE_READWRITE.bin	region_3593_0x00000289bb270000_0x20000_PRIVATE_READWRITE.bin
0x00007ff41c960000	0x50000	PRIVATE	READWRITE		7	100	0.00030518	0x00007ff41c9a2000	3.466	region_7182_0x00007ff41c960000_0x50000_PRIVATE_READWRITE.bin	region_7192_0x00007ff41c960000_0x50000_PRIVATE_READWRITE.bin
0x00000289aec52000	0xf0000	PRIVATE	READWRITE		14	300	0.00030518	0x00000289aec52000	2.821	region_1586_0x00000289aec52000_0xf0000_PRIVATE_READWRITE.bin	region_1580_0x00000289aec52000_0xf0000_PRIVATE_READWRITE.bin
0x00000289ea860000	0x20000	PRIVATE	READWRITE		4	41	0.00031281	0x00000289ea875000	1.824	region_6356_0x00000289ea860000_0x20000_PRIVATE_READWRITE.bin	region_6364_0x00000289ea860000_0x20000_PRIVATE_READWRITE.bin
0x00000289ffa60000	0x10000	PRIVATE	READWRITE		2	21	0.00032043	0x00000289ffa6d000	1.825	region_6872_0x00000289ffa60000_0x10000_PRIVATE_READWRITE.bin	region_6882_0x00000289ffa60000_0x10000_PRIVATE_READWRITE.bin
0x00007ff779c46000	0x3000	IMAGE	READWRITE	SC2_x64.exe	1	4	0.00032552	0x00007ff779c46000	5.352	region_7264_0x00007ff779c46000_0x3000_IMAGE_READWRITE.bin	region_7274_0x00007ff779c46000_0x3000_IMAGE_READWRITE.bin
0x00000289ffd50000	0x20000	PRIVATE	READWRITE		2	43	0.00032806	0x00000289ffd6a000	4.616	region_6906_0x00000289ffd50000_0x20000_PRIVATE_READWRITE.bin	region_6916_0x00000289ffd50000_0x20000_PRIVATE_READWRITE.bin
0x00000289c4e80000	0x40000	PRIVATE	READWRITE		6	86	0.00032806	0x00000289c4ea4000	3.152	region_3662_0x00000289c4e80000_0x40000_PRIVATE_READWRITE.bin	region_3664_0x00000289c4e80000_0x40000_PRIVATE_READWRITE.bin
0x00000289ea800000	0x10000	PRIVATE	READWRITE		1	22	0.00033569	0x00000289ea809000	1.800	region_6353_0x00000289ea800000_0x10000_PRIVATE_READWRITE.bin	region_6361_0x00000289ea800000_0x10000_PRIVATE_READWRITE.bin
0x00000289e2cc4000	0x41000	PRIVATE	READWRITE		19	90	0.00033804	0x00000289e2cc5000	0.418	region_6252_0x00000289e2cc4000_0x41000_PRIVATE_READWRITE.bin	region_6260_0x00000289e2cc4000_0x41000_PRIVATE_READWRITE.bin
0x000000af4513b000	0x5000	PRIVATE	READWRITE		1	7	0.00034180	0x000000af4513f000	0.777	region_0063_0x000000af4513b000_0x5000_PRIVATE_READWRITE.bin	region_0051_0x000000af4513b000_0x5000_PRIVATE_READWRITE.bin
0x0000028982130000	0x10000	PRIVATE	READWRITE		1	23	0.00035095	0x000002898213e000	1.151	region_0185_0x0000028982130000_0x10000_PRIVATE_READWRITE.bin	region_0173_0x0000028982130000_0x10000_PRIVATE_READWRITE.bin
0x00000289f84f0000	0x10000	PRIVATE	READWRITE		1	23	0.00035095	0x00000289f84ff000	2.690	region_6777_0x00000289f84f0000_0x10000_PRIVATE_READWRITE.bin	region_6785_0x00000289f84f0000_0x10000_PRIVATE_READWRITE.bin
0x00000289e1f2f000	0xa8000	PRIVATE	READWRITE		5	247	0.00035894	0x00000289e1f52000	1.251	region_6221_0x00000289e1f2f000_0xa8000_PRIVATE_READWRITE.bin	region_6229_0x00000289e1f2f000_0xa8000_PRIVATE_READWRITE.bin
0x00007ff9419e3000	0x2000	IMAGE	READWRITE	RPCRT4.dll	1	3	0.00036621	0x00007ff9419e4000	1.373	region_7537_0x00007ff9419e3000_0x2000_IMAGE_READWRITE.bin	region_7511_0x00007ff9419e3000_0x2000_IMAGE_READWRITE.bin
0x000000af49200000	0x10000	PRIVATE	READWRITE		1	24	0.00036621	0x000000af4920f000	0.225	region_0140_0x000000af49200000_0x10000_PRIVATE_READWRITE.bin	region_0128_0x000000af49200000_0x10000_PRIVATE_READWRITE.bin
0x00000289ff2b0000	0x20000	PRIVATE	READWRITE		1	48	0.00036621	0x00000289ff2cf000	0.101	region_6812_0x00000289ff2b0000_0x20000_PRIVATE_READWRITE.bin	region_6822_0x00000289ff2b0000_0x20000_PRIVATE_READWRITE.bin
0x00000289f8630000	0x10000	PRIVATE	READWRITE		4	25	0.00038147	0x00000289f8632000	1.813	region_6792_0x00000289f8630000_0x10000_PRIVATE_READWRITE.bin	region_6800_0x00000289f8630000_0x10000_PRIVATE_READWRITE.bin
0x0000028982050000	0x20000	PRIVATE	READWRITE		4	50	0.00038147	0x0000028982067000	0.791	region_0178_0x0000028982050000_0x20000_PRIVATE_READWRITE.bin	region_0166_0x0000028982050000_0x20000_PRIVATE_READWRITE.bin
0x00000289ffd00000	0x10000	PRIVATE	READWRITE		2	26	0.00039673	0x00000289ffd02000	2.176	region_6903_0x00000289ffd00000_0x10000_PRIVATE_READWRITE.bin	region_6913_0x00000289ffd00000_0x10000_PRIVATE_READWRITE.bin
0x000002898add0000	0x10000	PRIVATE	READWRITE		2	27	0.00041199	0x000002898add8000	1.250	region_0268_0x000002898add0000_0x10000_PRIVATE_READWRITE.bin	region_0256_0x000002898add0000_0x10000_PRIVATE_READWRITE.bin
0x00000289ae028000	0x4d000	PRIVATE	READWRITE		19	134	0.00042487	0x00000289ae045000	1.431	region_1561_0x00000289ae028000_0x4d000_PRIVATE_READWRITE.bin	region_1555_0x00000289ae028000_0x4d000_PRIVATE_READWRITE.bin
0x00000289ae59a000	0x164000	PRIVATE	READWRITE		8	630	0.00043205	0x00000289ae5ba000	1.229	region_1574_0x00000289ae59a000_0x164000_PRIVATE_READWRITE.bin	region_1568_0x00000289ae59a000_0x164000_PRIVATE_READWRITE.bin
0x000002898b530000	0xff000	PRIVATE	READWRITE		11	453	0.00043371	0x000002898b541000	4.206	region_0271_0x000002898b530000_0xff000_PRIVATE_READWRITE.bin	region_0259_0x000002898b530000_0xff000_PRIVATE_READWRITE.bin
0x00007ff94260c000	0x9000	IMAGE	READWRITE	ntdll.dll	2	16	0.00043403	0x00007ff94260d000	1.362	region_7546_0x00007ff94260c000_0x9000_IMAGE_READWRITE.bin	region_7520_0x00007ff94260c000_0x9000_IMAGE_READWRITE.bin
0x00000289e3070000	0x20000	PRIVATE	READWRITE		1	57	0.00043488	0x00000289e3079000	3.161	region_6280_0x00000289e3070000_0x20000_PRIVATE_READWRITE.bin	region_6288_0x00000289e3070000_0x20000_PRIVATE_READWRITE.bin
0x000002898d0c0000	0x40000	PRIVATE	READWRITE		1	115	0.00043869	0x000002898d0f2000	4.615	region_0455_0x000002898d0c0000_0x40000_PRIVATE_READWRITE.bin	region_0443_0x000002898d0c0000_0x40000_PRIVATE_READWRITE.bin
0x000002898ada0000	0xf000	PRIVATE	READWRITE		3	27	0.00043945	0x000002898ada0000	1.364	region_0266_0x000002898ada0000_0xf000_PRIVATE_READWRITE.bin	region_0254_0x000002898ada0000_0xf000_PRIVATE_READWRITE.bin
0x00000289ae076000	0xcf000	PRIVATE	READWRITE		21	374	0.00044110	0x00000289ae0b5000	2.254	region_1562_0x00000289ae076000_0xcf000_PRIVATE_READWRITE.bin	region_1556_0x00000289ae076000_0xcf000_PRIVATE_READWRITE.bin
0x00000289da2a0000	0x10000	PRIVATE	READWRITE		2	29	0.00044250	0x00000289da2a7000	2.339	region_6062_0x00000289da2a0000_0x10000_PRIVATE_READWRITE.bin	region_6070_0x00000289da2a0000_0x10000_PRIVATE_READWRITE.bin
0x000000af49104000	0xc000	PRIVATE	READWRITE		1	22	0.00044759	0x000000af4910f000	0.240	region_0139_0x000000af49104000_0xc000_PRIVATE_READWRITE.bin	region_0127_0x000000af49104000_0xc000_PRIVATE_READWRITE.bin
0x00000289ffd30000	0x20000	PRIVATE	READWRITE		1	59	0.00045013	0x00000289ffd4a000	1.783	region_6905_0x00000289ffd30000_0x20000_PRIVATE_READWRITE.bin	region_6915_0x00000289ffd30000_0x20000_PRIVATE_READWRITE.bin
0x00000289ff710000	0x10000	PRIVATE	READWRITE		3	30	0.00045776	0x00000289ff710000	4.500	region_6840_0x00000289ff710000_0x10000_PRIVATE_READWRITE.bin	region_6850_0x00000289ff710000_0x10000_PRIVATE_READWRITE.bin
0x00000289ff5c0000	0x20000	PRIVATE	READWRITE		5	60	0.00045776	0x00000289ff5c9000	2.169	region_6825_0x00000289ff5c0000_0x20000_PRIVATE_READWRITE.bin	region_6835_0x00000289ff5c0000_0x20000_PRIVATE_READWRITE.bin
0x000002898da50000	0x20000	PRIVATE	READWRITE		2	61	0.00046539	0x000002898da56000	2.783	region_0577_0x000002898da50000_0x20000_PRIVATE_READWRITE.bin	region_0565_0x000002898da50000_0x20000_PRIVATE_READWRITE.bin
0x0000028982480000	0x10000	PRIVATE	READWRITE		1	31	0.00047302	0x0000028982486000	1.887	region_0223_0x0000028982480000_0x10000_PRIVATE_READWRITE.bin	region_0211_0x0000028982480000_0x10000_PRIVATE_READWRITE.bin
0x00000289ffa80000	0x20000	PRIVATE	READWRITE		2	69	0.00052643	0x00000289ffa83000	0.719	region_6874_0x00000289ffa80000_0x20000_PRIVATE_READWRITE.bin	region_6884_0x00000289ffa80000_0x20000_PRIVATE_READWRITE.bin
0x00000289ff7c0000	0x10000	PRIVATE	READWRITE		1	35	0.00053406	0x00000289ff7cf000	4.523	region_6847_0x00000289ff7c0000_0x10000_PRIVATE_READWRITE.bin	region_6857_0x00000289ff7c0000_0x10000_PRIVATE_READWRITE.bin
0x00000289dd300000	0x20000	PRIVATE	READWRITE		5	72	0.00054932	0x00000289dd308000	1.572	region_6114_0x00000289dd300000_0x20000_PRIVATE_READWRITE.bin	region_6122_0x00000289dd300000_0x20000_PRIVATE_READWRITE.bin
0x000002899d460000	0x76000	PRIVATE	READWRITE		5	276	0.00057104	0x000002899d46f000	3.892	region_1528_0x000002899d460000_0x76000_PRIVATE_READWRITE.bin	region_1521_0x000002899d460000_0x76000_PRIVATE_READWRITE.bin
0x00000289e237b000	0x81000	PRIVATE	READWRITE		18	310	0.00058669	0x00000289e237b000	3.104	region_6230_0x00000289e237b000_0x81000_PRIVATE_READWRITE.bin	region_6238_0x00000289e237b000_0x81000_PRIVATE_READWRITE.bin
0x000002898dcfd000	0x37c000	PRIVATE	READWRITE		32	2148	0.00058791	0x000002898dd0a000	4.463	region_0586_0x000002898dcfd000_0x37c000_PRIVATE_READWRITE.bin	region_0574_0x000002898dcfd000_0x37c000_PRIVATE_READWRITE.bin
0x000002898cb60000	0x10000	PRIVATE	READWRITE		1	39	0.00059509	0x000002898cb6f000	1.640	region_0449_0x000002898cb60000_0x10000_PRIVATE_READWRITE.bin	region_0437_0x000002898cb60000_0x10000_PRIVATE_READWRITE.bin
0x000002898cb80000	0x10000	PRIVATE	READWRITE		1	41	0.00062561	0x000002898cb8e000	3.209	region_0451_0x000002898cb80000_0x10000_PRIVATE_READWRITE.bin	region_0439_0x000002898cb80000_0x10000_PRIVATE_READWRITE.bin
0x00000289fffc0000	0x10000	PRIVATE	READWRITE		2	41	0.00062561	0x00000289fffc1000	2.954	region_6936_0x00000289fffc0000_0x10000_PRIVATE_READWRITE.bin	region_6946_0x00000289fffc0000_0x10000_PRIVATE_READWRITE.bin
0x0000028999440000	0x30000	PRIVATE	READWRITE		5	127	0.00064596	0x0000028999454000	0.889	region_0843_0x0000028999440000_0x30000_PRIVATE_READWRITE.bin	region_0837_0x0000028999440000_0x30000_PRIVATE_READWRITE.bin
0x0000028988660000	0x19000	PRIVATE	READWRITE		5	70	0.00068359	0x0000028988660000	1.329	region_0247_0x0000028988660000_0x19000_PRIVATE_READWRITE.bin	region_0235_0x0000028988660000_0x19000_PRIVATE_READWRITE.bin
0x00000289ae758000	0x9d000	PRIVATE	READWRITE		4	452	0.00070288	0x00000289ae78c000	1.912	region_1577_0x00000289ae758000_0x9d000_PRIVATE_READWRITE.bin	region_1571_0x00000289ae758000_0x9d000_PRIVATE_READWRITE.bin
0x00000289821a0000	0x20000	PRIVATE	READWRITE		1	93	0.00070953	0x00000289821aa000	5.904	region_0191_0x00000289821a0000_0x20000_PRIVATE_READWRITE.bin	region_0179_0x00000289821a0000_0x20000_PRIVATE_READWRITE.bin
0x00000289f40f0000	0x10000	PRIVATE	READWRITE		4	47	0.00071716	0x00000289f40fb000	1.040	region_6725_0x00000289f40f0000_0x10000_PRIVATE_READWRITE.bin	region_6733_0x00000289f40f0000_0x10000_PRIVATE_READWRITE.bin
0x00000289e2b8c000	0x76000	PRIVATE	READWRITE		1	353	0.00073035	0x00000289e2bbb000	4.445	region_6249_0x00000289e2b8c000_0x76000_PRIVATE_READWRITE.bin	region_6257_0x00000289e2b8c000_0x76000_PRIVATE_READWRITE.bin
0x000002898bd60000	0x10000	PRIVATE	READWRITE		2	48	0.00073242	0x000002898bd61000	3.933	region_0294_0x000002898bd60000_0x10000_PRIVATE_READWRITE.bin	region_0282_0x000002898bd60000_0x10000_PRIVATE_READWRITE.bin
0x000002898d160000	0x10000	PRIVATE	READWRITE		2	49	0.00074768	0x000002898d16a000	5.456	region_0458_0x000002898d160000_0x10000_PRIVATE_READWRITE.bin	region_0446_0x000002898d160000_0x10000_PRIVATE_READWRITE.bin
0x00000289ff760000	0x10000	PRIVATE	READWRITE		2	49	0.00074768	0x00000289ff769000	1.271	region_6842_0x00000289ff760000_0x10000_PRIVATE_READWRITE.bin	region_6852_0x00000289ff760000_0x10000_PRIVATE_READWRITE.bin
0x00000289fff50000	0x10000	PRIVATE	READWRITE		1	49	0.00074768	0x00000289fff55000	1.683	region_6929_0x00000289fff50000_0x10000_PRIVATE_READWRITE.bin	region_6939_0x00000289fff50000_0x10000_PRIVATE_READWRITE.bin
0x00000289984e0000	0x30000	PRIVATE	READWRITE		1	147	0.00074768	0x00000289984e0000	0.653	region_0636_0x00000289984e0000_0x30000_PRIVATE_READWRITE.bin	region_0630_0x00000289984e0000_0x30000_PRIVATE_READWRITE.bin
0x00000289d53f0000	0x10000	PRIVATE	READWRITE		1	50	0.00076294	0x00000289d53ff000	2.288	region_5853_0x00000289d53f0000_0x10000_PRIVATE_READWRITE.bin	region_5860_0x00000289d53f0000_0x10000_PRIVATE_READWRITE.bin
0x00000289f4110000	0x10000	PRIVATE	READWRITE		2	50	0.00076294	0x00000289f4111000	1.331	region_6727_0x00000289f4110000_0x10000_PRIVATE_READWRITE.bin	region_6735_0x00000289f4110000_0x10000_PRIVATE_READWRITE.bin
0x00007ff779cad000	0xd000	IMAGE	READWRITE	SC2_x64.exe	5	41	0.00076998	0x00007ff779cb1000	2.772	region_7280_0x00007ff779cad000_0xd000_IMAGE_READWRITE.bin	region_7290_0x00007ff779cad000_0xd000_IMAGE_READWRITE.bin
0x00000289d81d0000	0x40000	PRIVATE	READWRITE		8	211	0.00080490	0x00000289d81ec000	4.991	region_6055_0x00000289d81d0000_0x40000_PRIVATE_READWRITE.bin	region_6063_0x00000289d81d0000_0x40000_PRIVATE_READWRITE.bin
0x00000289d5030000	0x10000	PRIVATE	READWRITE		1	53	0.00080872	0x00000289d503d000	4.117	region_5793_0x00000289d5030000_0x10000_PRIVATE_READWRITE.bin	region_5800_0x00000289d5030000_0x10000_PRIVATE_READWRITE.bin
0x00000289e5150000	0x10000	PRIVATE	READWRITE		3	58	0.00088501	0x00000289e5158000	1.935	region_6286_0x00000289e5150000_0x10000_PRIVATE_READWRITE.bin	region_6294_0x00000289e5150000_0x10000_PRIVATE_READWRITE.bin
0x00000289f40d0000	0x10000	PRIVATE	READWRITE		2	60	0.00091553	0x00000289f40da000	3.797	region_6723_0x00000289f40d0000_0x10000_PRIVATE_READWRITE.bin	region_6731_0x00000289f40d0000_0x10000_PRIVATE_READWRITE.bin
0x00000289e29e1000	0x41000	PRIVATE	READWRITE		56	244	0.00091647	0x00000289e29e1000	0.397	region_6245_0x00000289e29e1000_0x41000_PRIVATE_READWRITE.bin	region_6253_0x00000289e29e1000_0x41000_PRIVATE_READWRITE.bin
0x00000289f8640000	0x10000	PRIVATE	READWRITE		3	63	0.00096130	0x00000289f8646000	1.865	region_6793_0x00000289f8640000_0x10000_PRIVATE_READWRITE.bin	region_6801_0x00000289f8640000_0x10000_PRIVATE_READWRITE.bin
0x00000289ffa70000	0x10000	PRIVATE	READWRITE		5	63	0.00096130	0x00000289ffa72000	1.781	region_6873_0x00000289ffa70000_0x10000_PRIVATE_READWRITE.bin	region_6883_0x00000289ffa70000_0x10000_PRIVATE_READWRITE.bin
0x00000289ffae0000	0x20000	PRIVATE	READWRITE		1	127	0.00096893	0x00000289ffae0000	0.124	region_6877_0x00000289ffae0000_0x20000_PRIVATE_READWRITE.bin	region_6887_0x00000289ffae0000_0x20000_PRIVATE_READWRITE.bin
0x000002898c08b000	0x234000	PRIVATE	READWRITE		34	2278	0.00098609	0x000002898c0bf000	0.027	region_0314_0x000002898c08b000_0x234000_PRIVATE_READWRITE.bin	region_0302_0x000002898c08b000_0x234000_PRIVATE_READWRITE.bin
0x0000028988560000	0xff000	PRIVATE	READWRITE		25	1092	0.00104550	0x0000028988560000	2.977	region_0246_0x0000028988560000_0xff000_PRIVATE_READWRITE.bin	region_0234_0x0000028988560000_0xff000_PRIVATE_READWRITE.bin
0x00007ff415ea0000	0x170000	PRIVATE	READWRITE		7	1581	0.00104888	0x00007ff415ea4000	1.568	region_7065_0x00007ff415ea0000_0x170000_PRIVATE_READWRITE.bin	region_7075_0x00007ff415ea0000_0x170000_PRIVATE_READWRITE.bin
0x00000289f40e0000	0x10000	PRIVATE	READWRITE		5	71	0.00108337	0x00000289f40e4000	2.578	region_6724_0x00000289f40e0000_0x10000_PRIVATE_READWRITE.bin	region_6732_0x00000289f40e0000_0x10000_PRIVATE_READWRITE.bin
0x00000289df4a0000	0x10000	PRIVATE	READWRITE		3	74	0.00112915	0x00000289df4a0000	1.353	region_6125_0x00000289df4a0000_0x10000_PRIVATE_READWRITE.bin	region_6133_0x00000289df4a0000_0x10000_PRIVATE_READWRITE.bin
0x00000289da230000	0x20000	PRIVATE	READWRITE		11	153	0.00116730	0x00000289da231000	1.838	region_6058_0x00000289da230000_0x20000_PRIVATE_READWRITE.bin	region_6066_0x00000289da230000_0x20000_PRIVATE_READWRITE.bin
0x000000af49710000	0x100000	PRIVATE	READWRITE		3	1266	0.00120735	0x000000af4980d000	-0.000	region_0146_0x000000af49710000_0x100000_PRIVATE_READWRITE.bin	region_0134_0x000000af49710000_0x100000_PRIVATE_READWRITE.bin
0x000002899cf86000	0x24f000	PRIVATE	READWRITE		12	2956	0.00122112	0x000002899d013000	2.549	region_1524_0x000002899cf86000_0x24f000_PRIVATE_READWRITE.bin	region_1517_0x000002899cf86000_0x24f000_PRIVATE_READWRITE.bin
0x000000af44f00000	0x40000	PRIVATE	READWRITE		2	326	0.00124359	0x000000af44f3d000	-0.000	region_0061_0x000000af44f00000_0x40000_PRIVATE_READWRITE.bin	region_0049_0x000000af44f00000_0x40000_PRIVATE_READWRITE.bin
0x000002898bd70000	0x10000	PRIVATE	READWRITE		4	82	0.00125122	0x000002898bd72000	3.805	region_0295_0x000002898bd70000_0x10000_PRIVATE_READWRITE.bin	region_0283_0x000002898bd70000_0x10000_PRIVATE_READWRITE.bin
0x00000289e2f10000	0x30000	PRIVATE	READWRITE		4	263	0.00133769	0x00000289e2f27000	6.285	region_6268_0x00000289e2f10000_0x30000_PRIVATE_READWRITE.bin	region_6276_0x00000289e2f10000_0x30000_PRIVATE_READWRITE.bin
0x00000289d7fc0000	0x10000	PRIVATE	READWRITE		4	88	0.00134277	0x00000289d7fc7000	2.046	region_6025_0x00000289d7fc0000_0x10000_PRIVATE_READWRITE.bin	region_6033_0x00000289d7fc0000_0x10000_PRIVATE_READWRITE.bin
0x00000289f85b0000	0x10000	PRIVATE	READWRITE		3	89	0.00135803	0x00000289f85bc000	4.016	region_6785_0x00000289f85b0000_0x10000_PRIVATE_READWRITE.bin	region_6793_0x00000289f85b0000_0x10000_PRIVATE_READWRITE.bin
0x00000289aea3f000	0x131000	PRIVATE	READWRITE		4	1728	0.00138320	0x00000289aeac2000	3.515	region_1583_0x00000289aea3f000_0x131000_PRIVATE_READWRITE.bin	region_1577_0x00000289aea3f000_0x131000_PRIVATE_READWRITE.bin
0x00000289e7460000	0x30000	PRIVATE	READWRITE		1	278	0.00141398	0x00000289e746d000	3.103	region_6316_0x00000289e7460000_0x30000_PRIVATE_READWRITE.bin	region_6324_0x00000289e7460000_0x30000_PRIVATE_READWRITE.bin
0x00000289ff2d0000	0x20000	PRIVATE	READWRITE		2	186	0.00141907	0x00000289ff2d4000	2.175	region_6813_0x00000289ff2d0000_0x20000_PRIVATE_READWRITE.bin	region_6823_0x00000289ff2d0000_0x20000_PRIVATE_READWRITE.bin
0x000002899cd1d000	0xb4000	PRIVATE	READWRITE		4	1069	0.00144992	0x000002899cd4a000	1.213	region_1521_0x000002899cd1d000_0xb4000_PRIVATE_READWRITE.bin	region_1514_0x000002899cd1d000_0xb4000_PRIVATE_READWRITE.bin
0x00000289da250000	0x30000	PRIVATE	READWRITE		6	305	0.00155131	0x00000289da259000	1.086	region_6059_0x00000289da250000_0x30000_PRIVATE_READWRITE.bin	region_6067_0x00000289da250000_0x30000_PRIVATE_READWRITE.bin
0x000000af45000000	0x40000	PRIVATE	READWRITE		3	418	0.00159454	0x000000af4503b000	-0.000	region_0062_0x000000af45000000_0x40000_PRIVATE_READWRITE.bin	region_0050_0x000000af45000000_0x40000_PRIVATE_READWRITE.bin
0x000000af4a42d000	0x3000	PRIVATE	READWRITE		1	20	0.00162760	0x000000af4a42f000	4.623	region_0170_0x000000af4a42d000_0x3000_PRIVATE_READWRITE.bin	region_0158_0x000000af4a42d000_0x3000_PRIVATE_READWRITE.bin
0x00000289bb460000	0x20000	PRIVATE	READWRITE		2	223	0.00170135	0x00000289bb473000	4.098	region_3619_0x00000289bb460000_0x20000_PRIVATE_READWRITE.bin	region_3615_0x00000289bb460000_0x20000_PRIVATE_READWRITE.bin
0x00000289ffbb0000	0x20000	PRIVATE	READWRITE		1	226	0.00172424	0x00000289ffbc0000	1.073	region_6885_0x00000289ffbb0000_0x20000_PRIVATE_READWRITE.bin	region_6895_0x00000289ffbb0000_0x20000_PRIVATE_READWRITE.bin
0x000002899d23b000	0x1a5000	PRIVATE	READWRITE		17	3256	0.00188818	0x000002899d256000	3.348	region_1526_0x000002899d23b000_0x1a5000_PRIVATE_READWRITE.bin	region_1519_0x000002899d23b000_0x1a5000_PRIVATE_READWRITE.bin
0x000002898e1b0000	0x166000	PRIVATE	READWRITE		42	2811	0.00191698	0x000002898e1b6000	4.419	region_0588_0x000002898e1b0000_0x166000_PRIVATE_READWRITE.bin	region_0576_0x000002898e1b0000_0x166000_PRIVATE_READWRITE.bin
0x00000289f85f0000	0x10000	PRIVATE	READWRITE		3	128	0.00195312	0x00000289f85f5000	1.939	region_6789_0x00000289f85f0000_0x10000_PRIVATE_READWRITE.bin	region_6797_0x00000289f85f0000_0x10000_PRIVATE_READWRITE.bin
0x0000028988b90000	0x10000	PRIVATE	READWRITE		1	129	0.00196838	0x0000028988b90000	3.545	region_0251_0x0000028988b90000_0x10000_PRIVATE_READWRITE.bin	region_0239_0x0000028988b90000_0x10000_PRIVATE_READWRITE.bin
0x000002898bd00000	0x10000	PRIVATE	READWRITE		3	134	0.00204468	0x000002898bd04000	0.482	region_0290_0x000002898bd00000_0x10000_PRIVATE_READWRITE.bin	region_0278_0x000002898bd00000_0x10000_PRIVATE_READWRITE.bin
0x000000af446c0000	0x80000	PRIVATE	READWRITE		4	1145	0.00218391	0x000000af4473c000	-0.000	region_0053_0x000000af446c0000_0x80000_PRIVATE_READWRITE.bin	region_0041_0x000000af446c0000_0x80000_PRIVATE_READWRITE.bin
0x00000289ff7d0000	0x20000	PRIVATE	READWRITE		2	303	0.00231171	0x00000289ff7eb000	1.880	region_6848_0x00000289ff7d0000_0x20000_PRIVATE_READWRITE.bin	region_6858_0x00000289ff7d0000_0x20000_PRIVATE_READWRITE.bin
0x00000289e2064000	0x131000	PRIVATE	READWRITE		5	2909	0.00232854	0x00000289e208a000	2.000	region_6223_0x00000289e2064000_0x131000_PRIVATE_READWRITE.bin	region_6231_0x00000289e2064000_0x131000_PRIVATE_READWRITE.bin
0x00000289f8500000	0x10000	PRIVATE	READWRITE		4	159	0.00242615	0x00000289f8500000	2.376	region_6778_0x00000289f8500000_0x10000_PRIVATE_READWRITE.bin	region_6786_0x00000289f8500000_0x10000_PRIVATE_READWRITE.bin
0x0000028998780000	0x10000	PRIVATE	READWRITE		2	160	0.00244141	0x0000028998780000	0.251	region_0652_0x0000028998780000_0x10000_PRIVATE_READWRITE.bin	region_0646_0x0000028998780000_0x10000_PRIVATE_READWRITE.bin
0x000002898da70000	0x20000	PRIVATE	READWRITE		5	320	0.00244141	0x000002898da77000	3.739	region_0578_0x000002898da70000_0x20000_PRIVATE_READWRITE.bin	region_0566_0x000002898da70000_0x20000_PRIVATE_READWRITE.bin
0x00000289ffd90000	0x20000	PRIVATE	READWRITE		2	323	0.00246429	0x00000289ffda1000	2.768	region_6908_0x00000289ffd90000_0x20000_PRIVATE_READWRITE.bin	region_6918_0x00000289ffd90000_0x20000_PRIVATE_READWRITE.bin
0x000000af44d00000	0x40000	PRIVATE	READWRITE		3	666	0.00254059	0x000000af44d3b000	-0.000	region_0059_0x000000af44d00000_0x40000_PRIVATE_READWRITE.bin	region_0047_0x000000af44d00000_0x40000_PRIVATE_READWRITE.bin
0x00000289dd3c0000	0x30000	PRIVATE	READWRITE		3	504	0.00256348	0x00000289dd3c0000	7.939	region_6118_0x00000289dd3c0000_0x30000_PRIVATE_READWRITE.bin	region_6126_0x00000289dd3c0000_0x30000_PRIVATE_READWRITE.bin
0x00000289bb5e0000	0x10000	PRIVATE	READWRITE		2	173	0.00263977	0x00000289bb5e8000	5.205	region_3633_0x00000289bb5e0000_0x10000_PRIVATE_READWRITE.bin	region_3629_0x00000289bb5e0000_0x10000_PRIVATE_READWRITE.bin
0x000000af4483e000	0x2000	PRIVATE	READWRITE		1	22	0.00268555	0x000000af4483f000	1.319	region_0054_0x000000af4483e000_0x2000_PRIVATE_READWRITE.bin	region_0042_0x000000af4483e000_0x2000_PRIVATE_READWRITE.bin
0x0000028988b70000	0x10000	PRIVATE	READWRITE		1	180	0.00274658	0x0000028988b70000	2.529	region_0250_0x0000028988b70000_0x10000_PRIVATE_READWRITE.bin	region_0238_0x0000028988b70000_0x10000_PRIVATE_READWRITE.bin
0x00000289df490000	0x10000	PRIVATE	READWRITE		6	184	0.00280762	0x00000289df49a000	1.257	region_6124_0x00000289df490000_0x10000_PRIVATE_READWRITE.bin	region_6132_0x00000289df490000_0x10000_PRIVATE_READWRITE.bin
0x00000289824f0000	0x20000	PRIVATE	READWRITE		3	394	0.00300598	0x00000289824f3000	2.012	region_0229_0x00000289824f0000_0x20000_PRIVATE_READWRITE.bin	region_0217_0x00000289824f0000_0x20000_PRIVATE_READWRITE.bin
0x00000289cc910000	0x10000	PRIVATE	READWRITE		7	203	0.00309753	0x00000289cc910000	3.032	region_3720_0x00000289cc910000_0x10000_PRIVATE_READWRITE.bin	region_3728_0x00000289cc910000_0x10000_PRIVATE_READWRITE.bin
0x000002898e07a000	0x135000	PRIVATE	READWRITE		23	3956	0.00312563	0x000002898e082000	1.462	region_0587_0x000002898e07a000_0x135000_PRIVATE_READWRITE.bin	region_0575_0x000002898e07a000_0x135000_PRIVATE_READWRITE.bin
0x000000af443bf000	0x81000	PRIVATE	READWRITE		7	1797	0.00340094	0x000000af44435000	0.143	region_0050_0x000000af443bf000_0x81000_PRIVATE_READWRITE.bin	region_0038_0x000000af443bf000_0x81000_PRIVATE_READWRITE.bin
0x0000028982430000	0x40000	PRIVATE	READWRITE		2	946	0.00360870	0x0000028982457000	1.864	region_0221_0x0000028982430000_0x40000_PRIVATE_READWRITE.bin	region_0209_0x0000028982430000_0x40000_PRIVATE_READWRITE.bin
0x00000289fffe0000	0x20000	PRIVATE	READWRITE		14	489	0.00373077	0x00000289fffea000	0.757	region_6938_0x00000289fffe0000_0x20000_PRIVATE_READWRITE.bin	region_6948_0x00000289fffe0000_0x20000_PRIVATE_READWRITE.bin
0x00007ff40f020000	0x50000	PRIVATE	READWRITE		2	1276	0.00389404	0x00007ff40f020000	0.502	region_7000_0x00007ff40f020000_0x50000_PRIVATE_READWRITE.bin	region_7010_0x00007ff40f020000_0x50000_PRIVATE_READWRITE.bin
0x00000289d5410000	0x10000	PRIVATE	READWRITE		3	257	0.00392151	0x00000289d541d000	4.783	region_5855_0x00000289d5410000_0x10000_PRIVATE_READWRITE.bin	region_5862_0x00000289d5410000_0x10000_PRIVATE_READWRITE.bin
0x00000289ffa40000	0x10000	PRIVATE	READWRITE		1	260	0.00396729	0x00000289ffa45000	1.861	region_6870_0x00000289ffa40000_0x10000_PRIVATE_READWRITE.bin	region_6880_0x00000289ffa40000_0x10000_PRIVATE_READWRITE.bin
0x00000289ff650000	0x20000	PRIVATE	READWRITE		5	520	0.00396729	0x00000289ff650000	1.209	region_6832_0x00000289ff650000_0x20000_PRIVATE_READWRITE.bin	region_6842_0x00000289ff650000_0x20000_PRIVATE_READWRITE.bin
0x00000289823d0000	0x40000	PRIVATE	READWRITE		7	1100	0.00419617	0x00000289823ee000	0.304	region_0218_0x00000289823d0000_0x40000_PRIVATE_READWRITE.bin	region_0206_0x00000289823d0000_0x40000_PRIVATE_READWRITE.bin
0x00000289fff60000	0x10000	PRIVATE	READWRITE		5	277	0.00422668	0x00000289fff67000	0.939	region_6930_0x00000289fff60000_0x10000_PRIVATE_READWRITE.bin	region_6940_0x00000289fff60000_0x10000_PRIVATE_READWRITE.bin
0x00000289ff970000	0x10000	PRIVATE	READWRITE		1	289	0.00440979	0x00000289ff976000	2.026	region_6859_0x00000289ff970000_0x10000_PRIVATE_READWRITE.bin	region_6869_0x00000289ff970000_0x10000_PRIVATE_READWRITE.bin
0x00000289f8620000	0x10000	PRIVATE	READWRITE		1	299	0.00456238	0x00000289f862d000	1.884	region_6791_0x00000289f8620000_0x10000_PRIVATE_READWRITE.bin	region_6799_0x00000289f8620000_0x10000_PRIVATE_READWRITE.bin
0x00000289f85e0000	0x10000	PRIVATE	READWRITE		3	308	0.00469971	0x00000289f85e2000	1.942	region_6788_0x00000289f85e0000_0x10000_PRIVATE_READWRITE.bin	region_6796_0x00000289f85e0000_0x10000_PRIVATE_READWRITE.bin
0x00000289e2a23000	0x5e000	PRIVATE	READWRITE		9	1818	0.00472178	0x00000289e2a27000	4.943	region_6246_0x00000289e2a23000_0x5e000_PRIVATE_READWRITE.bin	region_6254_0x00000289e2a23000_0x5e000_PRIVATE_READWRITE.bin
0x00000289f4100000	0x10000	PRIVATE	READWRITE		14	310	0.00473022	0x00000289f4100000	0.305	region_6726_0x00000289f4100000_0x10000_PRIVATE_READWRITE.bin	region_6734_0x00000289f4100000_0x10000_PRIVATE_READWRITE.bin
0x00000289ff9c0000	0x10000	PRIVATE	READWRITE		3	313	0.00477600	0x00000289ff9c2000	1.819	region_6864_0x00000289ff9c0000_0x10000_PRIVATE_READWRITE.bin	region_6874_0x00000289ff9c0000_0x10000_PRIVATE_READWRITE.bin
0x00000289e2fe0000	0x10000	PRIVATE	READWRITE		6	316	0.00482178	0x00000289e2fe5000	1.995	region_6274_0x00000289e2fe0000_0x10000_PRIVATE_READWRITE.bin	region_6282_0x00000289e2fe0000_0x10000_PRIVATE_READWRITE.bin
0x0000028982070000	0x10000	PRIVATE	READWRITE		2	319	0.00486755	0x0000028982070000	0.489	region_0179_0x0000028982070000_0x10000_PRIVATE_READWRITE.bin	region_0167_0x0000028982070000_0x10000_PRIVATE_READWRITE.bin
0x000002899d816000	0x145000	PRIVATE	READWRITE		8	6648	0.00499399	0x000002899d832000	3.289	region_1535_0x000002899d816000_0x145000_PRIVATE_READWRITE.bin	region_1528_0x000002899d816000_0x145000_PRIVATE_READWRITE.bin
0x00000289cd4a0000	0x30000	PRIVATE	READWRITE		4	1023	0.00520325	0x00000289cd4c8000	7.934	region_3894_0x00000289cd4a0000_0x30000_PRIVATE_READWRITE.bin	region_3902_0x00000289cd4a0000_0x30000_PRIVATE_READWRITE.bin
0x00000289ff930000	0x10000	PRIVATE	READWRITE		2	348	0.00531006	0x00000289ff931000	1.912	region_6855_0x00000289ff930000_0x10000_PRIVATE_READWRITE.bin	region_6865_0x00000289ff930000_0x10000_PRIVATE_READWRITE.bin
0x00000289ff810000	0x20000	PRIVATE	READWRITE		5	725	0.00553131	0x00000289ff815000	1.932	region_6850_0x00000289ff810000_0x20000_PRIVATE_READWRITE.bin	region_6860_0x00000289ff810000_0x20000_PRIVATE_READWRITE.bin
0x00000289ff9a0000	0x10000	PRIVATE	READWRITE		3	374	0.00570679	0x00000289ff9a4000	1.949	region_6862_0x00000289ff9a0000_0x10000_PRIVATE_READWRITE.bin	region_6872_0x00000289ff9a0000_0x10000_PRIVATE_READWRITE.bin
0x00000289f8510000	0x20000	PRIVATE	READWRITE		10	766	0.00584412	0x00000289f8510000	2.046	region_6779_0x00000289f8510000_0x20000_PRIVATE_READWRITE.bin	region_6787_0x00000289f8510000_0x20000_PRIVATE_READWRITE.bin
0x00000289e2196000	0x80000	PRIVATE	READWRITE		5	3599	0.00686455	0x00000289e21ee000	5.700	region_6224_0x00000289e2196000_0x80000_PRIVATE_READWRITE.bin	region_6232_0x00000289e2196000_0x80000_PRIVATE_READWRITE.bin
0x000002899d4d7000	0x52000	PRIVATE	READWRITE		3	2672	0.00795541	0x000002899d4e1000	1.914	region_1529_0x000002899d4d7000_0x52000_PRIVATE_READWRITE.bin	region_1522_0x000002899d4d7000_0x52000_PRIVATE_READWRITE.bin
0x00000289fffd0000	0x10000	PRIVATE	READWRITE		2	556	0.00848389	0x00000289fffd4000	1.251	region_6937_0x00000289fffd0000_0x10000_PRIVATE_READWRITE.bin	region_6947_0x00000289fffd0000_0x10000_PRIVATE_READWRITE.bin
0x00000289fff70000	0x10000	PRIVATE	READWRITE		6	585	0.00892639	0x00000289fff70000	1.826	region_6931_0x00000289fff70000_0x10000_PRIVATE_READWRITE.bin	region_6941_0x00000289fff70000_0x10000_PRIVATE_READWRITE.bin
0x000002898bec0000	0x127000	PRIVATE	READWRITE		34	11021	0.00912093	0x000002898bfa2000	0.008	region_0312_0x000002898bec0000_0x127000_PRIVATE_READWRITE.bin	region_0300_0x000002898bec0000_0x127000_PRIVATE_READWRITE.bin
0x000000af49d2d000	0x3000	PRIVATE	READWRITE		2	116	0.00944010	0x000000af49d2e000	1.184	region_0164_0x000000af49d2d000_0x3000_PRIVATE_READWRITE.bin	region_0152_0x000000af49d2d000_0x3000_PRIVATE_READWRITE.bin
0x00000289da210000	0x20000	PRIVATE	READWRITE		7	1354	0.01033020	0x00000289da218000	2.963	region_6057_0x00000289da210000_0x20000_PRIVATE_READWRITE.bin	region_6065_0x00000289da210000_0x20000_PRIVATE_READWRITE.bin
0x00007ff93fdad000	0x1000	IMAGE	READWRITE	bcryptPrimitives.dll	1	48	0.01171875	0x00007ff93fdad000	1.136	region_7512_0x00007ff93fdad000_0x1000_IMAGE_READWRITE.bin	region_7489_0x00007ff93fdad000_0x1000_IMAGE_READWRITE.bin
0x000002898d130000	0x30000	PRIVATE	READWRITE		6	2317	0.01178487	0x000002898d149000	2.872	region_0457_0x000002898d130000_0x30000_PRIVATE_READWRITE.bin	region_0445_0x000002898d130000_0x30000_PRIVATE_READWRITE.bin
0x00000289e73c0000	0x30000	PRIVATE	READWRITE		3	2430	0.01235962	0x00000289e73e2000	7.894	region_6313_0x00000289e73c0000_0x30000_PRIVATE_READWRITE.bin	region_6321_0x00000289e73c0000_0x30000_PRIVATE_READWRITE.bin
0x00000289ffcd0000	0x20000	PRIVATE	READWRITE		4	1752	0.01336670	0x00000289ffceb000	1.547	region_6901_0x00000289ffcd0000_0x20000_PRIVATE_READWRITE.bin	region_6911_0x00000289ffcd0000_0x20000_PRIVATE_READWRITE.bin
0x00000289b00c0000	0x80000	MAPPED	READWRITE		7	7684	0.01465607	0x00000289b00c1000	3.721	region_1596_0x00000289b00c0000_0x80000_MAPPED_READWRITE.bin	region_1590_0x00000289b00c0000_0x80000_MAPPED_READWRITE.bin
0x0000028992e80000	0x80000	MAPPED	READWRITE		8	7691	0.01466942	0x0000028992e81000	3.721	region_0602_0x0000028992e80000_0x80000_MAPPED_READWRITE.bin	region_0594_0x0000028992e80000_0x80000_MAPPED_READWRITE.bin
0x0000028992f00000	0x80000	MAPPED	READWRITE		8	7691	0.01466942	0x0000028992f01000	3.721	region_0603_0x0000028992f00000_0x80000_MAPPED_READWRITE.bin	region_0595_0x0000028992f00000_0x80000_MAPPED_READWRITE.bin
0x00000289823a0000	0x20000	PRIVATE	READWRITE		3	1950	0.01487732	0x00000289823bd000	1.500	region_0216_0x00000289823a0000_0x20000_PRIVATE_READWRITE.bin	region_0204_0x00000289823a0000_0x20000_PRIVATE_READWRITE.bin
0x00000289ea820000	0x30000	PRIVATE	READWRITE		2	2960	0.01505534	0x00000289ea820000	4.338	region_6355_0x00000289ea820000_0x30000_PRIVATE_READWRITE.bin	region_6363_0x00000289ea820000_0x30000_PRIVATE_READWRITE.bin
0x0000028982140000	0x10000	PRIVATE	READWRITE		2	1022	0.01559448	0x0000028982140000	0.374	region_0186_0x0000028982140000_0x10000_PRIVATE_READWRITE.bin	region_0174_0x0000028982140000_0x10000_PRIVATE_READWRITE.bin
0x000002899b160000	0x10000	PRIVATE	READWRITE		9	1031	0.01573181	0x000002899b160000	4.279	region_1133_0x000002899b160000_0x10000_PRIVATE_READWRITE.bin	region_1127_0x000002899b160000_0x10000_PRIVATE_READWRITE.bin
0x0000028982410000	0x10000	PRIVATE	READWRITE		3	1055	0.01609802	0x0000028982416000	2.054	region_0219_0x0000028982410000_0x10000_PRIVATE_READWRITE.bin	region_0207_0x0000028982410000_0x10000_PRIVATE_READWRITE.bin
0x00000289d5420000	0x10000	PRIVATE	READWRITE		2	1088	0.01660156	0x00000289d5420000	5.921	region_5856_0x00000289d5420000_0x10000_PRIVATE_READWRITE.bin	region_5863_0x00000289d5420000_0x10000_PRIVATE_READWRITE.bin
0x000002898d100000	0x30000	PRIVATE	READWRITE		7	3839	0.01952616	0x000002898d115000	5.503	region_0456_0x000002898d100000_0x30000_PRIVATE_READWRITE.bin	region_0444_0x000002898d100000_0x30000_PRIVATE_READWRITE.bin
0x000002899ce3b000	0x14a000	PRIVATE	READWRITE		29	30615	0.02264959	0x000002899cea6000	3.140	region_1523_0x000002899ce3b000_0x14a000_PRIVATE_READWRITE.bin	region_1516_0x000002899ce3b000_0x14a000_PRIVATE_READWRITE.bin
0x00000289e7650000	0x40000	PRIVATE	READWRITE		5	6186	0.02359772	0x00000289e768b000	6.919	region_6328_0x00000289e7650000_0x40000_PRIVATE_READWRITE.bin	region_6336_0x00000289e7650000_0x40000_PRIVATE_READWRITE.bin
0x0000028990e80000	0xb4000	PRIVATE	READWRITE		19	18093	0.02454020	0x0000028990e80000	2.514	region_0599_0x0000028990e80000_0xb4000_PRIVATE_READWRITE.bin	region_0589_0x0000028990e80000_0xb4000_PRIVATE_READWRITE.bin
0x00000289e2f50000	0x30000	PRIVATE	READWRITE		6	5171	0.02630107	0x00000289e2f62000	3.412	region_6270_0x00000289e2f50000_0x30000_PRIVATE_READWRITE.bin	region_6278_0x00000289e2f50000_0x30000_PRIVATE_READWRITE.bin
0x000002899b140000	0x10000	PRIVATE	READWRITE		6	1762	0.02688599	0x000002899b140000	4.260	region_1131_0x000002899b140000_0x10000_PRIVATE_READWRITE.bin	region_1125_0x000002899b140000_0x10000_PRIVATE_READWRITE.bin
0x000002899a9b0000	0x30000	PRIVATE	READWRITE		15	5662	0.02879842	0x000002899a9b0000	3.876	region_1032_0x000002899a9b0000_0x30000_PRIVATE_READWRITE.bin	region_1026_0x000002899a9b0000_0x30000_PRIVATE_READWRITE.bin
0x000002898db20000	0x1dc000	PRIVATE	READWRITE		36	57029	0.02925020	0x000002898dbc8000	0.008	region_0585_0x000002898db20000_0x1dc000_PRIVATE_READWRITE.bin	region_0573_0x000002898db20000_0x1dc000_PRIVATE_READWRITE.bin
0x0000028982420000	0x10000	PRIVATE	READWRITE		3	1919	0.02928162	0x0000028982423000	1.786	region_0220_0x0000028982420000_0x10000_PRIVATE_READWRITE.bin	region_0208_0x0000028982420000_0x10000_PRIVATE_READWRITE.bin
0x00000289ff2f0000	0x20000	PRIVATE	READWRITE		4	4296	0.03277588	0x00000289ff2f0000	3.176	region_6814_0x00000289ff2f0000_0x20000_PRIVATE_READWRITE.bin	region_6824_0x00000289ff2f0000_0x20000_PRIVATE_READWRITE.bin
0x00000289824e0000	0x10000	PRIVATE	READWRITE		4	2151	0.03282166	0x00000289824e0000	2.635	region_0228_0x00000289824e0000_0x10000_PRIVATE_READWRITE.bin	region_0216_0x00000289824e0000_0x10000_PRIVATE_READWRITE.bin
0x000002899d73d000	0xd8000	PRIVATE	READWRITE		18	29838	0.03372531	0x000002899d76d000	2.940	region_1534_0x000002899d73d000_0xd8000_PRIVATE_READWRITE.bin	region_1527_0x000002899d73d000_0xd8000_PRIVATE_READWRITE.bin
0x000002899d679000	0xba000	PRIVATE	READWRITE		12	25889	0.03398149	0x000002899d68c000	4.404	region_1533_0x000002899d679000_0xba000_PRIVATE_READWRITE.bin	region_1526_0x000002899d679000_0xba000_PRIVATE_READWRITE.bin
0x00000289995b0000	0x30000	PRIVATE	READWRITE		9	7109	0.03615824	0x00000289995d0000	0.513	region_0853_0x00000289995b0000_0x30000_PRIVATE_READWRITE.bin	region_0847_0x00000289995b0000_0x30000_PRIVATE_READWRITE.bin
0x000000af4684a000	0x6000	PRIVATE	READWRITE		2	901	0.03666178	0x000000af4684e000	3.071	region_0087_0x000000af4684a000_0x6000_PRIVATE_READWRITE.bin	region_0075_0x000000af4684a000_0x6000_PRIVATE_READWRITE.bin
0x0000028982150000	0x10000	PRIVATE	READWRITE		3	2475	0.03776550	0x0000028982159000	0.737	region_0187_0x0000028982150000_0x10000_PRIVATE_READWRITE.bin	region_0175_0x0000028982150000_0x10000_PRIVATE_READWRITE.bin
0x00007ff417f60000	0x410000	PRIVATE	READWRITE		51	162902	0.03824134	0x00007ff417f60000	5.692	region_7101_0x00007ff417f60000_0x410000_PRIVATE_READWRITE.bin	region_7111_0x00007ff417f60000_0x410000_PRIVATE_READWRITE.bin
0x000002899cc62000	0xba000	PRIVATE	READWRITE		12	30373	0.03986711	0x000002899cc8c000	3.175	region_1520_0x000002899cc62000_0xba000_PRIVATE_READWRITE.bin	region_1513_0x000002899cc62000_0xba000_PRIVATE_READWRITE.bin
0x00000289ffbe0000	0x10000	PRIVATE	READWRITE		2	2634	0.04019165	0x00000289ffbe1000	1.196	region_6887_0x00000289ffbe0000_0x10000_PRIVATE_READWRITE.bin	region_6897_0x00000289ffbe0000_0x10000_PRIVATE_READWRITE.bin
0x00000289ffbd0000	0x10000	PRIVATE	READWRITE		8	2644	0.04034424	0x00000289ffbd5000	1.914	region_6886_0x00000289ffbd0000_0x10000_PRIVATE_READWRITE.bin	region_6896_0x00000289ffbd0000_0x10000_PRIVATE_READWRITE.bin
0x00000289824b0000	0x10000	PRIVATE	READWRITE		5	2847	0.04344177	0x00000289824bb000	0.503	region_0226_0x00000289824b0000_0x10000_PRIVATE_READWRITE.bin	region_0214_0x00000289824b0000_0x10000_PRIVATE_READWRITE.bin
0x00000289ea810000	0x10000	PRIVATE	READWRITE		3	2878	0.04391479	0x00000289ea817000	2.563	region_6354_0x00000289ea810000_0x10000_PRIVATE_READWRITE.bin	region_6362_0x00000289ea810000_0x10000_PRIVATE_READWRITE.bin
0x00000289e7690000	0x40000	PRIVATE	READWRITE		19	11643	0.04441452	0x00000289e7690000	2.875	region_6329_0x00000289e7690000_0x40000_PRIVATE_READWRITE.bin	region_6337_0x00000289e7690000_0x40000_PRIVATE_READWRITE.bin
0x00000289cc6d0000	0x10000	PRIVATE	READWRITE		2	2913	0.04444885	0x00000289cc6dd000	6.177	region_3696_0x00000289cc6d0000_0x10000_PRIVATE_READWRITE.bin	region_3704_0x00000289cc6d0000_0x10000_PRIVATE_READWRITE.bin
0x000000af49f2a000	0x6000	PRIVATE	READWRITE		6	1338	0.05444336	0x000000af49f2a000	1.991	region_0166_0x000000af49f2a000_0x6000_PRIVATE_READWRITE.bin	region_0154_0x000000af49f2a000_0x6000_PRIVATE_READWRITE.bin
0x00000289e1fd8000	0x8b000	PRIVATE	READWRITE		11	31459	0.05525482	0x00000289e1feb000	2.550	region_6222_0x00000289e1fd8000_0x8b000_PRIVATE_READWRITE.bin	region_6230_0x00000289e1fd8000_0x8b000_PRIVATE_READWRITE.bin
0x00000289820c0000	0x10000	PRIVATE	READWRITE		4	3911	0.05967712	0x00000289820c6000	0.819	region_0181_0x00000289820c0000_0x10000_PRIVATE_READWRITE.bin	region_0169_0x00000289820c0000_0x10000_PRIVATE_READWRITE.bin
0x00000289e5190000	0x10000	PRIVATE	READWRITE		3	4293	0.06550598	0x00000289e519c000	3.618	region_6290_0x00000289e5190000_0x10000_PRIVATE_READWRITE.bin	region_6298_0x00000289e5190000_0x10000_PRIVATE_READWRITE.bin
0x00000289ffaa0000	0x30000	PRIVATE	READWRITE		19	13778	0.07007853	0x00000289ffaad000	1.191	region_6875_0x00000289ffaa0000_0x30000_PRIVATE_READWRITE.bin	region_6885_0x00000289ffaa0000_0x30000_PRIVATE_READWRITE.bin
0x00000289e5270000	0x10000	PRIVATE	READWRITE		4	4651	0.07096863	0x00000289e5271000	4.327	region_6297_0x00000289e5270000_0x10000_PRIVATE_READWRITE.bin	region_6305_0x00000289e5270000_0x10000_PRIVATE_READWRITE.bin
0x0000028999410000	0x30000	PRIVATE	READWRITE		6	14160	0.07202148	0x0000028999414000	2.219	region_0842_0x0000028999410000_0x30000_PRIVATE_READWRITE.bin	region_0836_0x0000028999410000_0x30000_PRIVATE_READWRITE.bin
0x00000289f8250000	0x20000	PRIVATE	READWRITE		5	10264	0.07830811	0x00000289f825c000	6.198	region_6741_0x00000289f8250000_0x20000_PRIVATE_READWRITE.bin	region_6749_0x00000289f8250000_0x20000_PRIVATE_READWRITE.bin
0x00000289ffad0000	0x10000	PRIVATE	READWRITE		10	5301	0.08088684	0x00000289ffad2000	1.567	region_6876_0x00000289ffad0000_0x10000_PRIVATE_READWRITE.bin	region_6886_0x00000289ffad0000_0x10000_PRIVATE_READWRITE.bin
0x000000af48f0e000	0x2000	PRIVATE	READWRITE		2	744	0.09082031	0x000000af48f0e000	1.302	region_0137_0x000000af48f0e000_0x2000_PRIVATE_READWRITE.bin	region_0125_0x000000af48f0e000_0x2000_PRIVATE_READWRITE.bin
0x00000289824c0000	0x20000	PRIVATE	READWRITE		20	12767	0.09740448	0x00000289824c0000	1.892	region_0227_0x00000289824c0000_0x20000_PRIVATE_READWRITE.bin	region_0215_0x00000289824c0000_0x20000_PRIVATE_READWRITE.bin
0x00000289995e0000	0x10000	PRIVATE	READWRITE		3	7023	0.10716248	0x00000289995e1000	3.428	region_0854_0x00000289995e0000_0x10000_PRIVATE_READWRITE.bin	region_0848_0x00000289995e0000_0x10000_PRIVATE_READWRITE.bin
0x0000028982120000	0x10000	PRIVATE	READWRITE		3	7370	0.11245728	0x0000028982128000	1.816	region_0184_0x0000028982120000_0x10000_PRIVATE_READWRITE.bin	region_0172_0x0000028982120000_0x10000_PRIVATE_READWRITE.bin
0x00000289f2c40000	0x20000	PRIVATE	READWRITE		7	15348	0.11709595	0x00000289f2c4f000	4.147	region_6675_0x00000289f2c40000_0x20000_PRIVATE_READWRITE.bin	region_6683_0x00000289f2c40000_0x20000_PRIVATE_READWRITE.bin
0x00000289e5180000	0x10000	PRIVATE	READWRITE		5	7773	0.11860657	0x00000289e5183000	3.019	region_6289_0x00000289e5180000_0x10000_PRIVATE_READWRITE.bin	region_6297_0x00000289e5180000_0x10000_PRIVATE_READWRITE.bin
0x0000028999490000	0x30000	PRIVATE	READWRITE		10	23469	0.11936951	0x00000289994b5000	0.742	region_0844_0x0000028999490000_0x30000_PRIVATE_READWRITE.bin	region_0838_0x0000028999490000_0x30000_PRIVATE_READWRITE.bin
0x00000289e5260000	0x10000	PRIVATE	READWRITE		5	15658	0.23892212	0x00000289e5266000	5.157	region_6296_0x00000289e5260000_0x10000_PRIVATE_READWRITE.bin	region_6304_0x00000289e5260000_0x10000_PRIVATE_READWRITE.bin
0x00007ff41a2b0000	0x50000	PRIVATE	READWRITE		33	130528	0.39833984	0x00007ff41a2d0000	7.936	region_7132_0x00007ff41a2b0000_0x50000_PRIVATE_READWRITE.bin	region_7142_0x00007ff41a2b0000_0x50000_PRIVATE_READWRITE.bin
0x00000289ff320000	0x20000	PRIVATE	READWRITE		15	52421	0.39994049	0x00000289ff324000	4.619	region_6816_0x00000289ff320000_0x20000_PRIVATE_READWRITE.bin	region_6826_0x00000289ff320000_0x20000_PRIVATE_READWRITE.bin
0x0000028999570000	0x2000	PRIVATE	READWRITE		1	3733	0.45568848	0x0000028999570000	4.001	region_0851_0x0000028999570000_0x2000_PRIVATE_READWRITE.bin	region_0845_0x0000028999570000_0x2000_PRIVATE_READWRITE.bin
0x00000289e7300000	0x30000	PRIVATE	READWRITE		33	115724	0.58860270	0x00000289e7300000	6.911	region_6307_0x00000289e7300000_0x30000_PRIVATE_READWRITE.bin	region_6315_0x00000289e7300000_0x30000_PRIVATE_READWRITE.bin
0x0000028999560000	0x3000	MAPPED	READWRITE		3	7426	0.60432943	0x0000028999560000	5.099	region_0850_0x0000028999560000_0x3000_MAPPED_READWRITE.bin	region_0844_0x0000028999560000_0x3000_MAPPED_READWRITE.bin
0x00000289e72c0000	0x30000	PRIVATE	READWRITE		33	130498	0.66374715	0x00000289e72c1000	7.947	region_6305_0x00000289e72c0000_0x30000_PRIVATE_READWRITE.bin	region_6313_0x00000289e72c0000_0x30000_PRIVATE_READWRITE.bin
0x00000289d2870000	0x30000	PRIVATE	READWRITE		39	130783	0.66519674	0x00000289d2870000	7.943	region_5174_0x00000289d2870000_0x30000_PRIVATE_READWRITE.bin	region_5181_0x00000289d2870000_0x30000_PRIVATE_READWRITE.bin
0x00000289e72f0000	0x10000	PRIVATE	READWRITE		13	51748	0.78961182	0x00000289e72f3000	7.380	region_6306_0x00000289e72f0000_0x10000_PRIVATE_READWRITE.bin	region_6314_0x00000289e72f0000_0x10000_PRIVATE_READWRITE.bin
0x00000289ff340000	0x20000	PRIVATE	READWRITE		29	115078	0.87797546	0x00000289ff340000	7.363	region_6817_0x00000289ff340000_0x20000_PRIVATE_READWRITE.bin	region_6827_0x00000289ff340000_0x20000_PRIVATE_READWRITE.bin
